family,policy,sources,parents,episodes,mase,mae,total_seconds,tool_count,budget_overruns,switch_gain,wrong_switch_loss,net_gain
bolt,CART_H32_high,3,26,156,1.2104843887606915,3.589812682738676,0.22527034261365994,0.4444444444444445,0,0.035381905047317024,0.0888616678304847,-0.05347976278316766
bolt,CART_H32_low,3,26,156,1.2104843887606915,3.589812682738676,0.22528873196411728,0.4444444444444445,0,0.035381905047317024,0.0888616678304847,-0.05347976278316766
bolt,CART_H_high,3,26,156,1.2033533119186581,3.494968530420664,0.3057808064062585,0.4444444444444445,0,0.006429059159628109,0.05277774510076235,-0.04634868594113425
bolt,CART_H_low,3,26,156,1.2033533119186581,3.494968530420664,0.30578662989337485,0.4444444444444445,0,0.006429059159628109,0.05277774510076235,-0.04634868594113425
bolt,CART_control_high,3,26,156,1.157004625977524,3.2661753557500632,0.2838988151116873,0.4444444444444445,0,0.0,0.0,0.0
bolt,CART_control_low,3,26,156,1.157004625977524,3.2661753557500632,0.12051917275548546,0.0,0,0.0,0.0,0.0
bolt,CART_disagreement_high,3,26,156,1.157004625977524,3.2661753557500632,0.2839971755446571,0.4444444444444445,0,0.0,0.0,0.0
bolt,CART_disagreement_low,3,26,156,1.157004625977524,3.2661753557500632,0.12051821614085012,0.0,0,0.0,0.0,0.0
bolt,CART_equal-cost_high,3,26,156,1.157004625977524,3.2661753557500632,0.2838853631675246,0.4444444444444445,0,0.0,0.0,0.0
bolt,CART_equal-cost_low,3,26,156,1.157004625977524,3.2661753557500632,0.12051842124960443,0.0,0,0.0,0.0,0.0
bolt,DIRECT_H32_high,3,26,156,1.156823745705865,3.265920366810038,0.2356274886241244,0.4444444444444445,0,0.008089274279615855,0.007908394007956817,0.0001808802716590386
bolt,DIRECT_H32_low,3,26,156,1.156823745705865,3.265920366810038,0.2356293840247962,0.4444444444444445,0,0.008089274279615855,0.007908394007956817,0.0001808802716590386
bolt,DIRECT_H_high,3,26,156,1.154033891896914,3.2942725911081823,0.30962824003829154,0.4444444444444445,0,0.02821310635092997,0.025242372270320054,0.002970734080609924
bolt,DIRECT_H_low,3,26,156,1.154033891896914,3.2942725911081823,0.30962493406154906,0.4444444444444445,0,0.02821310635092997,0.025242372270320054,0.002970734080609924
bolt,DIRECT_control_high,3,26,156,1.1466431815613554,3.2318379617349513,0.28328499109866984,0.4444444444444445,0,0.010513340902744748,0.00015189648657613534,0.010361444416168611
bolt,DIRECT_control_low,3,26,156,1.157004625977524,3.2661753557500632,0.12051741430455071,0.0,0,0.0,0.0,0.0
bolt,DIRECT_disagreement_high,3,26,156,1.1467624759091226,3.231109598252305,0.28239302670242167,0.4444444444444445,0,0.014521355833489777,0.004279205765088417,0.01024215006840136
bolt,DIRECT_disagreement_low,3,26,156,1.157004625977524,3.2661753557500632,0.12051777610513904,0.0,0,0.0,0.0,0.0
bolt,DIRECT_equal-cost_high,3,26,156,1.1499677209055852,3.2589873615711498,0.2813737563830236,0.4444444444444445,0,0.019034210320709077,0.011997305248770134,0.007036905071938941
bolt,DIRECT_equal-cost_low,3,26,156,1.157004625977524,3.2661753557500632,0.12051761988395733,0.0,0,0.0,0.0,0.0
bolt,FIXED_A0_FFILL,3,26,156,1.43062948068829,4.5771879667736535,0.09019441743205975,0.0,0,0.007846971371648083,0.28147182608241433,-0.27362485471076625
bolt,FIXED_A3_COV,3,26,156,1.3139825460644514,4.050634815296774,0.12423579432121208,0.0,0,0.026142822401400246,0.18312074248832758,-0.15697792008692732
bolt,FIXED_A4_RIDGE_CONTEXT,3,26,156,1.2145383940222854,3.5381003839784135,0.09291559114688945,0.0,0,0.049702418585041645,0.10723618662980311,-0.05753376804476144
bolt,FIXED_REFERENCE,3,26,156,1.157004625977524,3.2661753557500632,0.12014161026512216,0.0,0,0.0,0.0,0.0
bolt,FIXED_TSICL,3,26,156,1.157004625977524,3.2661753557500632,0.12014161026512216,0.0,0,0.0,0.0,0.0
bolt,FORCE_STOP,3,26,156,1.157004625977524,3.2661753557500632,0.12049915340488322,0.0,0,0.0,0.0,0.0
bolt,HISTORICAL_ARGMAX_H32_high,3,26,156,1.2015689365597275,3.526809927054805,0.22726353752405715,0.4444444444444445,0,0.034784884516887944,0.07934919509909157,-0.044564310582203635
bolt,HISTORICAL_ARGMAX_H32_low,3,26,156,1.2015689365597275,3.526809927054805,0.2272624624595813,0.4444444444444445,0,0.034784884516887944,0.07934919509909157,-0.044564310582203635
bolt,HISTORICAL_ARGMAX_H_high,3,26,156,1.163870545057334,3.340257690341931,0.3071403476332287,0.4444444444444445,0,0.032553832483594024,0.039419751563404264,-0.006865919079810237
bolt,HISTORICAL_ARGMAX_H_low,3,26,156,1.163870545057334,3.340257690341931,0.30713809164500555,0.4444444444444445,0,0.032553832483594024,0.039419751563404264,-0.006865919079810237
bolt,KEEP,3,26,156,1.258453886165966,3.7999273258279778,0.0898799335816715,0.0,0,0.03658303174142942,0.1380322919298714,-0.10144926018844201
bolt,R2_EXISTING_CART,3,26,156,1.1364858873163641,3.215170685926925,0.6579847389161323,2.0,0,0.030023010865951053,0.009504272204791268,0.020518738661159785
bolt,R3_AGENT_high,3,26,156,1.1563507843299543,3.277871415940059,0.28495738932939346,0.4444444444444445,0,0.014191682782249748,0.01353784113468009,0.0006538416475696552
bolt,R3_AGENT_low,3,26,156,1.157004625977524,3.2661753557500632,0.12295635089855084,0.0,0,0.0,0.0,0.0
bolt,R3_FIXED_TOOL_high,3,26,156,1.1563507843299543,3.277871415940059,0.2849457264119331,0.4444444444444445,0,0.014191682782249748,0.01353784113468009,0.0006538416475696552
bolt,R3_FIXED_TOOL_low,3,26,156,1.1531100876484863,3.2919482449607442,0.3144075590551919,0.4444444444444445,0,0.027685191592490735,0.02379065326345309,0.0038945383290376495
bolt,R3_RANDOM_high,3,26,156,1.168930808099627,3.3368471645418203,0.2539471632379227,0.3672438672438673,0,0.012207671188508318,0.024133853310611478,-0.011926182122103154
bolt,R3_RANDOM_low,3,26,156,1.1559626672529741,3.275426887591365,0.22262999173463846,0.28318903318903316,0,0.015949771914958662,0.014907813190408849,0.0010419587245498168
bolt,RESIDUAL_H32_high,3,26,156,1.2043380023826626,3.5406930935415715,0.2278101003088061,0.4444444444444445,0,0.034784884516887944,0.08211826092202644,-0.04733337640513849
bolt,RESIDUAL_H32_low,3,26,156,1.2043380023826626,3.5406930935415715,0.22782063929066973,0.4444444444444445,0,0.034784884516887944,0.08211826092202644,-0.04733337640513849
bolt,RESIDUAL_H_high,3,26,156,1.1531100876484863,3.2919482449607442,0.3108939259083807,0.4444444444444445,0,0.027685191592490735,0.02379065326345309,0.0038945383290376495
bolt,RESIDUAL_H_low,3,26,156,1.1531100876484863,3.2919482449607442,0.3108745496897047,0.4444444444444445,0,0.027685191592490735,0.02379065326345309,0.0038945383290376495
bolt,RESIDUAL_control_high,3,26,156,1.1563507843299543,3.277871415940059,0.28196031940581373,0.4444444444444445,0,0.014191682782249748,0.01353784113468009,0.0006538416475696552
bolt,RESIDUAL_control_low,3,26,156,1.157004625977524,3.2661753557500632,0.12051211976342409,0.0,0,0.0,0.0,0.0
bolt,RESIDUAL_disagreement_high,3,26,156,1.1563271681677303,3.2778119962786136,0.2822203315187326,0.4444444444444445,0,0.014191682782249748,0.013514224972455934,0.0006774578097938112
bolt,RESIDUAL_disagreement_low,3,26,156,1.157004625977524,3.2661753557500632,0.12051372288035182,0.0,0,0.0,0.0,0.0
bolt,RESIDUAL_equal-cost_high,3,26,156,1.162747727250033,3.31140238535302,0.2799566768041028,0.4444444444444445,0,0.018512722253443827,0.02425582352595282,-0.005743101272508995
bolt,RESIDUAL_equal-cost_low,3,26,156,1.157004625977524,3.2661753557500632,0.12051420204232022,0.0,0,0.0,0.0,0.0
bolt,TATO_8_NATIVE_SPACE,3,26,156,1.6852272294817199,5.572088439655989,0.7031735468450347,8.0,0,0.0366792713272687,0.5649018748314646,-0.528222603504196
timesfm,CART_H32_high,3,26,156,1.0693983307074413,2.7680745293867948,0.5965482614397566,0.4444444444444445,0,0.0403310161317178,0.013594008674298176,0.02673700745741962
timesfm,CART_H32_low,3,26,156,1.0961353381648609,2.878695537127317,0.23055455033311764,0.0,0,0.0,0.0,0.0
timesfm,CART_H_high,3,26,156,1.0693983307074413,2.7680745293867948,0.5873282115017263,0.4444444444444445,0,0.0403310161317178,0.013594008674298176,0.02673700745741962
timesfm,CART_H_low,3,26,156,1.0961353381648609,2.878695537127317,0.2305542111063689,0.0,0,0.0,0.0,0.0
timesfm,CART_control_high,3,26,156,1.0961353381648609,2.878695537127317,0.5916104248923545,0.4444444444444445,0,0.0,0.0,0.0
timesfm,CART_control_low,3,26,156,1.0961353381648609,2.878695537127317,0.23055447367216156,0.0,0,0.0,0.0,0.0
timesfm,CART_disagreement_high,3,26,156,1.0961353381648609,2.878695537127317,0.591706978322175,0.4444444444444445,0,0.0,0.0,0.0
timesfm,CART_disagreement_low,3,26,156,1.0961353381648609,2.878695537127317,0.23055408389702348,0.0,0,0.0,0.0,0.0
timesfm,CART_equal-cost_high,3,26,156,1.0961353381648609,2.878695537127317,0.5908793395922568,0.4444444444444445,0,0.0,0.0,0.0
timesfm,CART_equal-cost_low,3,26,156,1.0961353381648609,2.878695537127317,0.23055506479194413,0.0,0,0.0,0.0,0.0
timesfm,DIRECT_H32_high,3,26,156,1.0927816177098404,2.8591597763725276,0.5983480162446573,0.4444444444444445,0,0.020685533696891755,0.017331813241871382,0.003353720455020373
timesfm,DIRECT_H32_low,3,26,156,1.0961353381648609,2.878695537127317,0.23055466614709677,0.0,0,0.0,0.0,0.0
timesfm,DIRECT_H_high,3,26,156,1.072139156325407,2.776433164132779,0.5856210350630082,0.4444444444444445,0,0.04155839023072034,0.017562208391266574,0.023996181839453762
timesfm,DIRECT_H_low,3,26,156,1.0961353381648609,2.878695537127317,0.23055432534336953,0.0,0,0.0,0.0,0.0
timesfm,DIRECT_control_high,3,26,156,1.096563643895584,2.8832769825826436,0.5893799810337573,0.4444444444444445,0,0.010119609468609871,0.010547915199333013,-0.00042830573072314397
timesfm,DIRECT_control_low,3,26,156,1.0961353381648609,2.878695537127317,0.23055420147487182,0.0,0,0.0,0.0,0.0
timesfm,DIRECT_disagreement_high,3,26,156,1.0914656292588196,2.8575368037368825,0.5890823873664199,0.4444444444444445,0,0.015289871239094905,0.01062016233305367,0.004669708906041232
timesfm,DIRECT_disagreement_low,3,26,156,1.0961353381648609,2.878695537127317,0.23055420353901204,0.0,0,0.0,0.0,0.0
timesfm,DIRECT_equal-cost_high,3,26,156,1.0886309349298025,2.8530147299801567,0.5866637649251665,0.4444444444444445,0,0.01792766880870764,0.0104232655736491,0.007504403235058542
timesfm,DIRECT_equal-cost_low,3,26,156,1.0961353381648609,2.878695537127317,0.23055379978977728,0.0,0,0.0,0.0,0.0
timesfm,FIXED_A0_FFILL,3,26,156,1.1813091236065034,3.2201169925744284,0.2002124616648535,0.0,0,0.030138011471568745,0.11531179691321114,-0.08517378544164239
timesfm,FIXED_A3_COV,3,26,156,1.136582592857257,3.1148995821976135,0.2340986194766654,0.0,0,0.04000326116427793,0.0804505158566738,-0.040447254692395865
timesfm,FIXED_A4_RIDGE_CONTEXT,3,26,156,1.090969717247088,2.8394847455345116,0.20369474062713355,0.0,0,0.056819719082195345,0.05165409816442254,0.005165620917772806
timesfm,FIXED_REFERENCE,3,26,156,1.0961353381648609,2.878695537127317,0.23017719208595774,0.0,0,0.0,0.0,0.0
timesfm,FIXED_TSICL,3,26,156,1.0961353381648609,2.878695537127317,0.23001961469490753,0.0,0,0.0,0.0,0.0
timesfm,FORCE_STOP,3,26,156,1.0961353381648609,2.878695537127317,0.23053589184502943,0.0,0,0.0,0.0,0.0
timesfm,HISTORICAL_ARGMAX_H32_high,3,26,156,1.1427173360634615,3.119461845878156,0.5960738449521328,0.4444444444444445,0,0.01730212461237115,0.06388412251097171,-0.04658199789860057
timesfm,HISTORICAL_ARGMAX_H32_low,3,26,156,1.0961353381648609,2.878695537127317,0.23056716862829793,0.0,0,0.0,0.0,0.0
timesfm,HISTORICAL_ARGMAX_H_high,3,26,156,1.0770448101108763,2.7970231324588934,0.5860076978536229,0.4444444444444445,0,0.042043557186915805,0.022953029132931204,0.01909052805398459
timesfm,HISTORICAL_ARGMAX_H_low,3,26,156,1.0961353381648609,2.878695537127317,0.2305650174661491,0.0,0,0.0,0.0,0.0
timesfm,KEEP,3,26,156,1.1398373923217893,3.0215744818144707,0.20070330991472027,0.0,0,0.03241812482332023,0.07612017898024871,-0.04370205415692849
timesfm,R2_EXISTING_CART,3,26,156,1.0690863439543559,2.7680418891065535,1.072156038592083,2.0,0,0.040643002884803096,0.013594008674298176,0.027048994210504915
timesfm,R3_AGENT_high,3,26,156,1.1026689892850436,2.8814313405573375,0.6009389575738308,0.4444444444444445,0,0.029397259928135067,0.03593091104831764,-0.0065336511201825745
timesfm,R3_AGENT_low,3,26,156,1.0961353381648609,2.878695537127317,0.2329466028146968,0.0,0,0.0,0.0,0.0
timesfm,R3_FIXED_TOOL_high,3,26,156,1.0960193267640117,2.8873402289960537,0.5923919133823673,0.4444444444444445,0,0.01322046798888831,0.01310445658803902,0.00011601140084928757
timesfm,R3_FIXED_TOOL_low,3,26,156,1.0961353381648609,2.878695537127317,0.2329256661248619,0.0,0,0.0,0.0,0.0
timesfm,R3_RANDOM_high,3,26,156,1.0919773816415275,2.868069776107052,0.5300074032614618,0.3672438672438673,0,0.01397165057700434,0.009813694053670908,0.004157956523333431
timesfm,R3_RANDOM_low,3,26,156,1.0961353381648609,2.878695537127317,0.23293773674430565,0.0,0,0.0,0.0,0.0
timesfm,RESIDUAL_H32_high,3,26,156,1.1026689892850436,2.8814313405573375,0.5974554670135485,0.4444444444444445,0,0.029397259928135067,0.03593091104831764,-0.0065336511201825745
timesfm,RESIDUAL_H32_low,3,26,156,1.0961353381648609,2.878695537127317,0.23055778148332592,0.0,0,0.0,0.0,0.0
timesfm,RESIDUAL_H_high,3,26,156,1.0858111552151404,2.8390907891472428,0.5885172392869534,0.4444444444444445,0,0.027395448932225137,0.01707126598250466,0.010324182949720486
timesfm,RESIDUAL_H_low,3,26,156,1.0961353381648609,2.878695537127317,0.23054891578943407,0.0,0,0.0,0.0,0.0
timesfm,RESIDUAL_control_high,3,26,156,1.0960193267640117,2.8873402289960537,0.5894485183852683,0.4444444444444445,0,0.01322046798888831,0.01310445658803902,0.00011601140084928757
timesfm,RESIDUAL_control_low,3,26,156,1.0961353381648609,2.878695537127317,0.23054923441032896,0.0,0,0.0,0.0,0.0
timesfm,RESIDUAL_disagreement_high,3,26,156,1.09259885898396,2.8658208572965926,0.5891453402988515,0.4444444444444445,0,0.018162962322584568,0.014626483141683378,0.0035364791809011885
timesfm,RESIDUAL_disagreement_low,3,26,156,1.0961353381648609,2.878695537127317,0.23055035544784455,0.0,0,0.0,0.0,0.0
timesfm,RESIDUAL_equal-cost_high,3,26,156,1.0914478695232386,2.862924899713238,0.5885118691557358,0.4444444444444445,0,0.018697556085228578,0.014010087443606123,0.004687468641622458
timesfm,RESIDUAL_equal-cost_low,3,26,156,1.0961353381648609,2.878695537127317,0.2305504357593693,0.0,0,0.0,0.0,0.0
timesfm,TATO_8_NATIVE_SPACE,3,26,156,1.5290020612088508,4.546267173908446,1.0239894668414238,8.0,0,0.02633011174979608,0.4591968347937858,-0.43286672304398977
