backbone,policy,mase,mae,total_seconds,mean_tools,task_harm,episodes,parents,status,budget_overruns,comparison_scope,cost_scope
chronos-bolt-base,AGENT_d2_old32_gated_high,1.2001577630546323,3.4644652501697673,0.11218394015419293,0.0,0.16594516594516595,156,26,completed_dev_not_confirmatory,0,shared_five_candidate_pool,measured_batch_components_plus_diagnostic
chronos-bolt-base,AGENT_d2_old32_gated_low,1.2001577630546323,3.4644652501697673,0.11223502213074384,0.0,0.16594516594516595,156,26,completed_dev_not_confirmatory,0,shared_five_candidate_pool,measured_batch_components_plus_diagnostic
chronos-bolt-base,AGENT_d2_target_horizon_gated_high,1.2001577630546323,3.4644652501697673,0.11217504710692855,0.0,0.16594516594516595,156,26,completed_dev_not_confirmatory,0,shared_five_candidate_pool,measured_batch_components_plus_diagnostic
chronos-bolt-base,AGENT_d2_target_horizon_gated_low,1.2001577630546323,3.4644652501697673,0.11221823762678235,0.0,0.16594516594516595,156,26,completed_dev_not_confirmatory,0,shared_five_candidate_pool,measured_batch_components_plus_diagnostic
chronos-bolt-base,ALL_d1_old32_gated,1.16368485939905,3.271210912854197,0.5848760332631743,2.0,0.24458874458874458,156,26,completed_dev_not_confirmatory,0,shared_five_candidate_pool,measured_batch_components_plus_diagnostic
chronos-bolt-base,ALL_d1_same_origin32_gated,1.16368485939905,3.271210912854197,0.49019348476699753,2.0,0.24458874458874458,156,26,completed_dev_not_confirmatory,0,shared_five_candidate_pool,measured_batch_components_plus_diagnostic
chronos-bolt-base,ALL_d1_target_horizon_gated,1.1572832042914107,3.2122458917430947,0.6619928906240096,2.0,0.22655122655122653,156,26,completed_dev_not_confirmatory,0,shared_five_candidate_pool,measured_batch_components_plus_diagnostic
chronos-bolt-base,ALL_d1_target_horizon_unpruned,1.1633346148614785,3.2274715987790206,0.6590733604011992,2.0,0.2344877344877345,156,26,completed_dev_not_confirmatory,0,shared_five_candidate_pool,measured_batch_components_plus_diagnostic
chronos-bolt-base,ALL_d2_old32_gated,1.1917881634143535,3.4271933545422777,0.5914273317852872,2.0,0.16594516594516595,156,26,completed_dev_not_confirmatory,0,shared_five_candidate_pool,measured_batch_components_plus_diagnostic
chronos-bolt-base,ALL_d2_same_origin32_gated,1.1917881634143535,3.4271933545422777,0.4967387447746663,2.0,0.16594516594516595,156,26,completed_dev_not_confirmatory,0,shared_five_candidate_pool,measured_batch_components_plus_diagnostic
chronos-bolt-base,ALL_d2_target_horizon_gated,1.1917881634143535,3.4271933545422777,0.6636501783415576,2.0,0.16594516594516595,156,26,completed_dev_not_confirmatory,0,shared_five_candidate_pool,measured_batch_components_plus_diagnostic
chronos-bolt-base,ALL_d2_target_horizon_unpruned,1.1848723646803383,3.411347067272678,0.6569279108293264,2.0,0.16378066378066378,156,26,completed_dev_not_confirmatory,0,shared_five_candidate_pool,measured_batch_components_plus_diagnostic
chronos-bolt-base,CART_old32,1.136485887316364,3.215170685926925,0.5858461082376484,2.0,0.030303030303030307,156,26,completed_dev_not_confirmatory,0,shared_five_candidate_pool,measured_batch_components_plus_diagnostic
chronos-bolt-base,CART_same_origin32,1.136485887316364,3.215170685926925,0.49112521613072463,2.0,0.030303030303030307,156,26,completed_dev_not_confirmatory,0,shared_five_candidate_pool,measured_batch_components_plus_diagnostic
chronos-bolt-base,CART_target_horizon,1.136485887316364,3.215170685926925,0.6580259554515521,2.0,0.030303030303030307,156,26,completed_dev_not_confirmatory,0,shared_five_candidate_pool,measured_batch_components_plus_diagnostic
chronos-bolt-base,DIRTY_LOSS_TREE_D1,1.16368485939905,3.271210912854197,0.10656726710468777,0.0,0.24458874458874458,156,26,completed_dev_not_confirmatory,0,shared_five_candidate_pool,measured_batch_components_plus_diagnostic
chronos-bolt-base,DIRTY_LOSS_TREE_D2,1.2001577630546323,3.4644652501697673,0.11168384357556091,0.0,0.16594516594516595,156,26,completed_dev_not_confirmatory,0,shared_five_candidate_pool,measured_batch_components_plus_diagnostic
chronos-bolt-base,FIXED_A0_FFILL,1.43062948068829,4.5771879667736535,0.09019441743205973,0.0,0.4098124098124098,156,26,completed_dev_not_confirmatory,0,shared_five_candidate_pool,measured_batch_components_plus_diagnostic
chronos-bolt-base,FIXED_A0_NATIVE,1.2584538861659658,3.7999273258279778,0.08987993358167151,0.0,0.0,156,26,completed_dev_not_confirmatory,0,shared_five_candidate_pool,measured_batch_components_plus_diagnostic
chronos-bolt-base,FIXED_A2_SINGLE,1.1570046259775237,3.266175355750063,0.12014161026512217,0.0,0.1810966810966811,156,26,completed_dev_not_confirmatory,0,shared_five_candidate_pool,measured_batch_components_plus_diagnostic
chronos-bolt-base,FIXED_A3_COV,1.3139825460644512,4.050634815296773,0.12423579432121208,0.0,0.4509379509379509,156,26,completed_dev_not_confirmatory,0,shared_five_candidate_pool,measured_batch_components_plus_diagnostic
chronos-bolt-base,FIXED_A4_RIDGE_CONTEXT,1.2145383940222851,3.5381003839784126,0.09291559114688945,0.0,0.1818181818181818,156,26,completed_dev_not_confirmatory,0,shared_five_candidate_pool,measured_batch_components_plus_diagnostic
chronos-bolt-base,FIXED_HISTORY_d2_old32_gated_high,1.2001577630546323,3.4644652501697673,0.42002757353748127,1.0,0.16594516594516595,156,26,completed_dev_not_confirmatory,0,shared_five_candidate_pool,measured_batch_components_plus_diagnostic
chronos-bolt-base,FIXED_HISTORY_d2_old32_gated_low,1.2001577630546323,3.4644652501697673,0.4200801028520528,1.0,0.16594516594516595,156,26,completed_dev_not_confirmatory,1,shared_five_candidate_pool,measured_batch_components_plus_diagnostic
chronos-bolt-base,FIXED_HISTORY_d2_target_horizon_gated_high,1.2001577630546323,3.4644652501697673,0.49221032528602393,1.0,0.16594516594516595,156,26,completed_dev_not_confirmatory,0,shared_five_candidate_pool,measured_batch_components_plus_diagnostic
chronos-bolt-base,FIXED_HISTORY_d2_target_horizon_gated_low,1.2001577630546323,3.4644652501697673,0.4922750005266181,1.0,0.16594516594516595,156,26,completed_dev_not_confirmatory,0,shared_five_candidate_pool,measured_batch_components_plus_diagnostic
chronos-bolt-base,FIXED_MASK_d2_old32_gated_high,1.1917881634143535,3.4271933545422777,0.2848975285491614,0.6666666666666666,0.16594516594516595,156,26,completed_dev_not_confirmatory,0,shared_five_candidate_pool,measured_batch_components_plus_diagnostic
chronos-bolt-base,FIXED_MASK_d2_old32_gated_low,1.1917881634143535,3.4271933545422777,0.2849134063633599,0.6666666666666666,0.16594516594516595,156,26,completed_dev_not_confirmatory,0,shared_five_candidate_pool,measured_batch_components_plus_diagnostic
chronos-bolt-base,FIXED_MASK_d2_target_horizon_gated_high,1.1917881634143535,3.4271933545422777,0.28489434372262995,0.6666666666666666,0.16594516594516595,156,26,completed_dev_not_confirmatory,0,shared_five_candidate_pool,measured_batch_components_plus_diagnostic
chronos-bolt-base,FIXED_MASK_d2_target_horizon_gated_low,1.1917881634143535,3.4271933545422777,0.28490971202136184,0.6666666666666666,0.16594516594516595,156,26,completed_dev_not_confirmatory,0,shared_five_candidate_pool,measured_batch_components_plus_diagnostic
chronos-bolt-base,FLAT_LOSS_TREE_old32,1.1879603575341224,3.34638217104912,0.5865730002731093,2.0,0.275974025974026,156,26,completed_dev_not_confirmatory,0,shared_five_candidate_pool,measured_batch_components_plus_diagnostic
chronos-bolt-base,FLAT_LOSS_TREE_same_origin32,1.165232323595202,3.3169963044181783,0.49563576908814216,2.0,0.1688311688311688,156,26,completed_dev_not_confirmatory,0,shared_five_candidate_pool,measured_batch_components_plus_diagnostic
chronos-bolt-base,FLAT_LOSS_TREE_target_horizon,1.165232323595202,3.3169963044181783,0.6625492269169283,2.0,0.1688311688311688,156,26,completed_dev_not_confirmatory,0,shared_five_candidate_pool,measured_batch_components_plus_diagnostic
chronos-bolt-base,OLD_DIRTY_HGB,1.1654136229812138,3.308398914591475,0.15919370813559156,0.0,0.16305916305916304,156,26,completed_dev_not_confirmatory,0,shared_five_candidate_pool,measured_batch_components_plus_diagnostic
chronos-bolt-base,OLD_LEARNED_HGB_COMMON_BUDGET,1.1901121991002297,3.4184542872428114,0.4765883197511331,1.3802308802308803,0.18614718614718612,156,26,completed_dev_not_confirmatory,0,shared_five_candidate_pool,measured_batch_components_plus_diagnostic
chronos-bolt-base,RANDOM_d2_old32_gated_high,1.1969956680849814,3.4486115674775633,0.28662826180170753,0.6002886002886003,0.16594516594516595,156,26,completed_dev_not_confirmatory,0,shared_five_candidate_pool,measured_batch_components_plus_diagnostic
chronos-bolt-base,RANDOM_d2_old32_gated_low,1.1969956680849814,3.4486115674775633,0.2866391546844608,0.6002886002886003,0.16594516594516595,156,26,completed_dev_not_confirmatory,0,shared_five_candidate_pool,measured_batch_components_plus_diagnostic
chronos-bolt-base,RANDOM_d2_target_horizon_gated_high,1.1969956680849814,3.4486115674775633,0.31755091184968165,0.6002886002886003,0.16594516594516595,156,26,completed_dev_not_confirmatory,0,shared_five_candidate_pool,measured_batch_components_plus_diagnostic
chronos-bolt-base,RANDOM_d2_target_horizon_gated_low,1.1969956680849814,3.4486115674775633,0.3175597026617368,0.6002886002886003,0.16594516594516595,156,26,completed_dev_not_confirmatory,0,shared_five_candidate_pool,measured_batch_components_plus_diagnostic
chronos-bolt-base,VISIBLE_CONDITION_d2_old32_gated_high,1.2001577630546323,3.4644652501697673,0.25155340136201787,0.3333333333333333,0.16594516594516595,156,26,completed_dev_not_confirmatory,0,shared_five_candidate_pool,measured_batch_components_plus_diagnostic
chronos-bolt-base,VISIBLE_CONDITION_d2_old32_gated_low,1.2001577630546323,3.4644652501697673,0.2515614853739149,0.3333333333333333,0.16594516594516595,156,26,completed_dev_not_confirmatory,1,shared_five_candidate_pool,measured_batch_components_plus_diagnostic
chronos-bolt-base,VISIBLE_CONDITION_d2_target_horizon_gated_high,1.2001577630546323,3.4644652501697673,0.2843611086769567,0.3333333333333333,0.16594516594516595,156,26,completed_dev_not_confirmatory,0,shared_five_candidate_pool,measured_batch_components_plus_diagnostic
chronos-bolt-base,VISIBLE_CONDITION_d2_target_horizon_gated_low,1.2001577630546323,3.4644652501697673,0.2843663631134545,0.3333333333333333,0.16594516594516595,156,26,completed_dev_not_confirmatory,0,shared_five_candidate_pool,measured_batch_components_plus_diagnostic
chronos-bolt-base,TATO_8_OFFICIAL_SPACE_OBSERVED_LINEAR,1.6852272294817197,5.572088439655989,0.7031735468450351,8.0,0.5364357864357864,156,26,completed_dev_not_confirmatory,"{'low': 68, 'high': 0}",native_external_baseline,
timesfm-2.5-200m-pytorch,TIMESFM_FIXED_A0_FFILL,1.1813091236065032,3.220116992574428,0.2002124616648535,0.0,0.5757575757575757,156,26,completed_dev_not_confirmatory,"{'low': 0, 'high': 0}",same_frozen_candidates_second_family,
timesfm-2.5-200m-pytorch,TIMESFM_FIXED_A0_NATIVE,1.1398373923217895,3.0215744818144703,0.20070330991472027,0.0,0.0,156,26,completed_dev_not_confirmatory,"{'low': 0, 'high': 0}",same_frozen_candidates_second_family,
timesfm-2.5-200m-pytorch,TIMESFM_FIXED_A2_SINGLE,1.0961353381648609,2.8786955371273173,0.23001961469490753,0.0,0.4992784992784994,156,26,completed_dev_not_confirmatory,"{'low': 0, 'high': 0}",same_frozen_candidates_second_family,
timesfm-2.5-200m-pytorch,TIMESFM_FIXED_A3_COV,1.1365825928572568,3.1148995821976135,0.23409861947666533,0.0,0.4898989898989899,156,26,completed_dev_not_confirmatory,"{'low': 0, 'high': 0}",same_frozen_candidates_second_family,
timesfm-2.5-200m-pytorch,TIMESFM_FIXED_A4_RIDGE_CONTEXT,1.0909697172470882,2.8394847455345125,0.20369474062713355,0.0,0.18831168831168832,156,26,completed_dev_not_confirmatory,"{'low': 0, 'high': 0}",same_frozen_candidates_second_family,
timesfm-2.5-200m-pytorch,TIMESFM_TATO_8_OFFICIAL_SPACE_OBSERVED_LINEAR,1.5290020612088506,4.546267173908446,1.0239894668414236,8.0,0.5847763347763348,156,26,completed_dev_not_confirmatory,"{'low': 156, 'high': 0}",native_external_baseline,
