lambda_pair,lambda_ridge,lambda_tree,tau,joint_objective,bolt_mase,timesfm_mase,bolt_keep_rate,timesfm_keep_rate,mean_harmful_loss,non_degenerate,selected
0.75,0.25,0.0,0.5,1.8831744238370358,1.969770313355849,1.7965785343182226,0.07291666666666663,0.0,0.05228680096824792,False,False
0.75,0.25,0.0,0.55,1.8839794087988322,1.9714671019003518,1.7964917156973124,0.125,0.0234375,0.05136191527125802,True,True
0.75,0.25,0.0,0.65,1.8846182690962412,1.972734089948125,1.7965024482443575,0.33072916666666663,0.1015625,0.04649382714378036,True,False
0.75,0.25,0.0,0.6,1.885500359686752,1.9743056050642243,1.7966951143092795,0.24479166666666663,0.0546875,0.049090883438776,True,False
0.75,0.0,0.25,0.5,1.8858948346377098,1.9647353200124362,1.8070543492629834,0.06770833333333337,0.0,0.04578729029067196,False,False
0.75,0.0,0.25,0.55,1.886757553065499,1.9666606755415867,1.8068544305894112,0.1171875,0.02604166666666663,0.04501981954147539,True,False
1.0,0.0,0.0,0.5,1.8877552856438444,1.9637792306705382,1.811731340617151,0.06770833333333337,0.0,0.04853728362452221,False,False
1.0,0.0,0.0,0.55,1.8882351916705185,1.9648258613447964,1.8116445219962403,0.109375,0.0234375,0.0479744926030938,True,False
0.75,0.0,0.25,0.65,1.888979641416384,1.9706468667405859,1.8073124160921819,0.34114583333333337,0.09895833333333337,0.040389893350023194,True,False
0.75,0.0,0.25,0.6,1.889136229925096,1.9710856285361913,1.8071868313140007,0.25260416666666663,0.0546875,0.042574079438590234,True,False
0.5,0.25,0.25,0.5,1.8894508656360212,1.9727011071673637,1.8062006241046784,0.0859375,0.0078125,0.05039085433193214,True,False
0.25,0.5,0.25,0.5,1.8895699045379062,1.9697930844431149,1.8093467246326975,0.109375,0.05989583333333337,0.049682059420546036,True,False
1.0,0.0,0.0,0.65,1.8898587440079688,1.9678456188180793,1.8118718691978586,0.31510416666666663,0.09635416666666663,0.04306630429480239,True,False
0.5,0.25,0.25,0.55,1.8905724848139445,1.975106158561458,1.806038811066431,0.13802083333333337,0.02864583333333337,0.049713521084530185,True,False
0.25,0.5,0.25,0.55,1.8906101627856113,1.971822184019603,1.8093981415516196,0.16927083333333337,0.07552083333333337,0.048653802589721545,True,False
1.0,0.0,0.0,0.6,1.8906875267712586,1.9694937561387773,1.81188129740374,0.23697916666666663,0.05208333333333337,0.04581576053295934,True,False
0.5,0.25,0.25,0.65,1.8911360552981964,1.9757438215865344,1.8065282890098584,0.33333333333333337,0.09635416666666663,0.04482108322343251,True,False
0.25,0.5,0.25,0.65,1.8916240903255885,1.9721183494924643,1.8111298311587125,0.36197916666666663,0.13802083333333337,0.04381831452335568,True,False
0.5,0.25,0.25,0.6,1.891705423380956,1.9768916850525473,1.806519161709365,0.25,0.05729166666666663,0.047414835677369406,True,False
0.25,0.5,0.25,0.6,1.8917661726007546,1.9734063115752896,1.81012603362622,0.27864583333333337,0.09375,0.04647103054124425,True,False
0.25,0.75,0.0,0.5,1.892798643731551,1.9695363873535188,1.816060900109583,0.1171875,0.09375,0.05263198815749985,True,False
0.5,0.5,0.0,0.5,1.892823369932424,1.9717212110776334,1.8139255287872145,0.1015625,0.03385416666666663,0.05350511910817285,True,False
0.0,1.0,0.0,0.5,1.8934906348393645,1.9689002934808273,1.8180809761979018,0.18229166666666663,0.1171875,0.05164527483106693,True,False
0.25,0.75,0.0,0.55,1.893649293915845,1.9711675477044126,1.8161310401272774,0.17447916666666663,0.11197916666666663,0.05150330766863369,True,False
0.5,0.5,0.0,0.55,1.893762018226533,1.973520143365917,1.8140038930871487,0.15885416666666663,0.04947916666666663,0.05249667433121985,True,False
0.0,1.0,0.0,0.55,1.8943020628124825,1.9704530094093688,1.818151116215596,0.2421875,0.13541666666666663,0.050422543842048625,True,False
0.5,0.5,0.0,0.6,1.8948204016060979,1.975295902490305,1.8143449007218906,0.26302083333333337,0.0703125,0.05033994599248653,True,False
0.5,0.5,0.0,0.65,1.8949864223054336,1.9738510063254167,1.8161218382854503,0.34375,0.125,0.0479167855035889,True,False
0.25,0.75,0.0,0.65,1.8950718839246221,1.9717795411267018,1.8183642267225424,0.35677083333333337,0.171875,0.047129641405302604,True,False
0.25,0.75,0.0,0.6,1.8950939826758624,1.9732244372915901,1.8169635280601346,0.27604166666666663,0.12760416666666663,0.04963318775192026,True,False
0.0,1.0,0.0,0.6,1.8951532192246527,1.97149331514915,1.8188131233001554,0.30729166666666663,0.14583333333333337,0.04909317750209331,True,False
0.0,1.0,0.0,0.65,1.8954613954862556,1.9707301872915393,1.820192603680972,0.375,0.1953125,0.047249192983636466,True,False
0.0,0.75,0.25,0.5,1.8986889018561293,1.9864517242563642,1.8109260794558943,0.171875,0.10677083333333337,0.0473897572170971,True,False
0.0,0.75,0.25,0.55,1.8995595772325728,1.9881229349915568,1.8109962194735887,0.23697916666666663,0.125,0.046007511424717686,True,False
0.0,0.5,0.5,0.5,1.8998246451353547,1.990319110402765,1.8093301798679444,0.19270833333333337,0.078125,0.04416850113625328,True,False
0.0,0.75,0.25,0.6,1.900662675160526,1.9896671237629038,1.8116582265581482,0.32552083333333337,0.13541666666666663,0.044056911072313756,True,False
0.0,0.75,0.25,0.65,1.9008961627045498,1.9887979068497255,1.812994418559374,0.39583333333333337,0.1796875,0.04170081301047303,True,False
0.0,0.5,0.5,0.55,1.9010584192590936,1.9924337192327781,1.8096831192854088,0.2421875,0.09895833333333337,0.04379268789117527,True,False
0.0,0.5,0.5,0.65,1.9019019413757352,1.9931200922024788,1.8106837905489914,0.40885416666666663,0.15364583333333337,0.04008577151266267,True,False
0.0,0.5,0.5,0.6,1.9022183165822977,1.9941686817853235,1.8102679513792719,0.33333333333333337,0.11458333333333337,0.04196936389939045,True,False
0.5,0.0,0.5,0.5,1.9046654237065983,1.9865315752860806,1.8227992721271162,0.10416666666666663,0.01302083333333337,0.045732081864067894,True,False
0.5,0.0,0.5,0.55,1.906064896875844,1.9895268053121347,1.8226029884395536,0.16927083333333337,0.04166666666666663,0.04489558832742131,True,False
0.5,0.0,0.5,0.65,1.9071526803758094,1.9912864839557507,1.8230188767958682,0.39322916666666663,0.12239583333333337,0.03990065158886041,True,False
0.5,0.0,0.5,0.6,1.9075669920920608,1.9920602204733169,1.8230737637108048,0.30208333333333337,0.07552083333333337,0.04219496931174856,True,False
0.25,0.25,0.5,0.5,1.9108766495790728,1.9923110720506985,1.8294422271074469,0.12760416666666663,0.046875,0.05000219623738106,True,False
0.0,0.25,0.75,0.65,1.912374078447367,1.9763582024535185,1.848389954441216,0.44270833333333337,0.1953125,0.037486062079346794,True,False
0.25,0.25,0.5,0.55,1.9125274109868324,1.9955042708565964,1.8295505511170687,0.1953125,0.05989583333333337,0.049559548701046445,True,False
0.25,0.25,0.5,0.65,1.9134858015091456,1.9968937580848232,1.830077844933468,0.39583333333333337,0.13020833333333337,0.04472968674834803,True,False
0.25,0.25,0.5,0.6,1.9139323126150702,1.9977473565402781,1.8301172686898626,0.3125,0.08333333333333337,0.04700459900993199,True,False
0.25,0.0,0.75,0.65,1.9207498010614388,1.9908461143364644,1.8506534877864131,0.40364583333333337,0.15885416666666663,0.03979433204572794,True,False
0.25,0.0,0.75,0.6,1.9209039562612586,1.9913510999683877,1.8504568125541296,0.31770833333333337,0.12239583333333337,0.04165319707059217,True,False
0.0,0.25,0.75,0.6,1.9230672455216937,1.9980574894571175,1.8480770015862698,0.36979166666666663,0.16145833333333337,0.04096239687022549,True,False
0.25,0.0,0.75,0.5,1.9371074311516747,1.9855523728148794,1.88866248948847,0.1484375,0.05989583333333337,0.04767653553809875,True,False
0.25,0.0,0.75,0.55,1.938769446975011,1.9885437029611923,1.8889951909888294,0.2109375,0.08854166666666663,0.047149062962267674,True,False
0.0,0.25,0.75,0.5,1.9390943097609719,1.9923204874492952,1.8858681320726483,0.21875,0.109375,0.04657632446607979,True,False
0.0,0.25,0.75,0.55,1.9409968675140163,1.9955734407148698,1.886420294313163,0.28125,0.13541666666666663,0.04622623983982858,True,False
0.0,0.0,1.0,0.65,1.9457197700772262,2.0439685438656663,1.847470996288786,0.5677083333333333,0.20052083333333337,0.03719024308472423,True,False
0.0,0.0,1.0,0.6,1.9565648907060478,2.0659595901727337,1.8471701912393619,0.5,0.16666666666666663,0.04070803800405365,True,False
0.0,0.0,1.0,0.5,1.97280112043811,2.060024664106898,1.8855775767693217,0.34114583333333337,0.10677083333333337,0.046701921112071144,True,False
0.0,0.0,1.0,0.55,1.9745685881605857,2.0633437943246524,1.8857933819965187,0.40625,0.13020833333333337,0.04626701144632346,True,False
