key,family
AF_A1_CALLS,appendix_ablation
AF_A1_CHIR,appendix_ablation
AF_A1_HL,appendix_ablation
AF_A1_IR,appendix_ablation
AF_A1_MAE,appendix_ablation
AF_A1_MASE,appendix_ablation
AF_A1_MSE,appendix_ablation
AF_A1_RMSE,appendix_ablation
AF_A2_CALLS,appendix_ablation
AF_A2_CHIR,appendix_ablation
AF_A2_HL,appendix_ablation
AF_A2_IR,appendix_ablation
AF_A2_MAE,appendix_ablation
AF_A2_MASE,appendix_ablation
AF_A2_MSE,appendix_ablation
AF_A2_RMSE,appendix_ablation
AF_A3_CALLS,appendix_ablation
AF_A3_CHIR,appendix_ablation
AF_A3_HL,appendix_ablation
AF_A3_IR,appendix_ablation
AF_A3_MAE,appendix_ablation
AF_A3_MASE,appendix_ablation
AF_A3_MSE,appendix_ablation
AF_A3_RMSE,appendix_ablation
AF_A4_CALLS,appendix_ablation
AF_A4_CHIR,appendix_ablation
AF_A4_HL,appendix_ablation
AF_A4_IR,appendix_ablation
AF_A4_MAE,appendix_ablation
AF_A4_MASE,appendix_ablation
AF_A4_MSE,appendix_ablation
AF_A4_RMSE,appendix_ablation
AF_A5_CALLS,appendix_ablation
AF_A5_CHIR,appendix_ablation
AF_A5_HL,appendix_ablation
AF_A5_IR,appendix_ablation
AF_A5_MAE,appendix_ablation
AF_A5_MASE,appendix_ablation
AF_A5_MSE,appendix_ablation
AF_A5_RMSE,appendix_ablation
AF_FULL_CALLS,appendix_ablation
AF_FULL_CHIR,appendix_ablation
AF_FULL_HL,appendix_ablation
AF_FULL_IR,appendix_ablation
AF_FULL_MAE,appendix_ablation
AF_FULL_MASE,appendix_ablation
AF_FULL_MSE,appendix_ablation
AF_FULL_RMSE,appendix_ablation
AF_ORACLE_CHIR,appendix_ablation
AF_ORACLE_HL,appendix_ablation
AF_ORACLE_IR,appendix_ablation
AF_ORACLE_MAE,appendix_ablation
AF_ORACLE_MASE,appendix_ablation
AF_ORACLE_MSE,appendix_ablation
AF_ORACLE_RMSE,appendix_ablation
CALLS_ACT_N,appendix_cost
CALLS_ACT_SHARE,appendix_cost
CALLS_CAND_N,appendix_cost
CALLS_COLD_LATENCY,appendix_cost
CALLS_COLD_N,appendix_cost
CALLS_FAIL_COST,appendix_cost
CALLS_FAIL_N,appendix_cost
CALLS_FAIL_SHARE,appendix_cost
CALLS_KEEP_N,appendix_cost
CALLS_KEEP_SHARE,appendix_cost
CALLS_OFFLINE,appendix_cost
CALLS_SELECTOR,appendix_cost
CALLS_TIMEOUT_COST,appendix_cost
CALLS_TIMEOUT_N,appendix_cost
CALLS_TIMEOUT_SHARE,appendix_cost
COST_CALLS,appendix_cost
COST_LATENCY,appendix_cost
OURS_CALLS,appendix_cost
OURS_CAND,appendix_cost
OURS_MAX,appendix_cost
OURS_MEAN,appendix_cost
OURS_OFF,appendix_cost
OURS_P95,appendix_cost
SRDI_CALLS,appendix_cost
SRDI_CAND,appendix_cost
SRDI_MAX,appendix_cost
SRDI_MEAN,appendix_cost
SRDI_OFF,appendix_cost
SRDI_P95,appendix_cost
T1_CALLS,appendix_cost
T1_CAND,appendix_cost
T1_MAX,appendix_cost
T1_MEAN,appendix_cost
T1_OFF,appendix_cost
T1_P95,appendix_cost
TATO_CALLS,appendix_cost
TATO_CAND,appendix_cost
TATO_MAX,appendix_cost
TATO_MEAN,appendix_cost
TATO_OFF,appendix_cost
TATO_P95,appendix_cost
TOI_CALLS,appendix_cost
TOI_CAND,appendix_cost
TOI_MAX,appendix_cost
TOI_MEAN,appendix_cost
TOI_OFF,appendix_cost
TOI_P95,appendix_cost
CTF_CALLS,appendix_extended_comparison
CTF_CAND,appendix_extended_comparison
CTF_MAX,appendix_extended_comparison
CTF_MEAN,appendix_extended_comparison
CTF_OFF,appendix_extended_comparison
CTF_OVR,appendix_extended_comparison
CTF_P95,appendix_extended_comparison
CTF_RMSSE,appendix_extended_comparison
GIMCC_BOLT,appendix_extended_comparison
GIMCC_CH2,appendix_extended_comparison
GIMCC_OVR,appendix_extended_comparison
GIMCC_RANK,appendix_extended_comparison
GIMCC_TF,appendix_extended_comparison
TOIVSF_BOLT,appendix_extended_comparison
TOIVSF_CH2,appendix_extended_comparison
TOIVSF_OVR,appendix_extended_comparison
TOIVSF_RANK,appendix_extended_comparison
TOIVSF_TF,appendix_extended_comparison
OPPSENS_HALF_HIGH,appendix_gate_grid
OPPSENS_HALF_LOW,appendix_gate_grid
OPPSENS_HALF_NOOP,appendix_gate_grid
OPPSENS_HALF_OVR,appendix_gate_grid
OPPSENS_ONE_HIGH,appendix_gate_grid
OPPSENS_ONE_LOW,appendix_gate_grid
OPPSENS_ONE_NOOP,appendix_gate_grid
OPPSENS_ONE_OVR,appendix_gate_grid
OPPSENS_TWO_HIGH,appendix_gate_grid
OPPSENS_TWO_LOW,appendix_gate_grid
OPPSENS_TWO_NOOP,appendix_gate_grid
OPPSENS_TWO_OVR,appendix_gate_grid
SEED1_DELTA,appendix_mask_stability
SEED1_IR,appendix_mask_stability
SEED1_MASE,appendix_mask_stability
SEED2_DELTA,appendix_mask_stability
SEED2_IR,appendix_mask_stability
SEED2_MASE,appendix_mask_stability
SEED3_DELTA,appendix_mask_stability
SEED3_IR,appendix_mask_stability
SEED3_MASE,appendix_mask_stability
SEED4_DELTA,appendix_mask_stability
SEED4_IR,appendix_mask_stability
SEED4_MASE,appendix_mask_stability
SEED5_DELTA,appendix_mask_stability
SEED5_IR,appendix_mask_stability
SEED5_MASE,appendix_mask_stability
SEED6_DELTA,appendix_mask_stability
SEED6_IR,appendix_mask_stability
SEED6_MASE,appendix_mask_stability
SEED_IR_SPREAD_BOLT,appendix_mask_stability
SEED_IR_SPREAD_CH2,appendix_mask_stability
SEED_MASK,appendix_mask_stability
SEED_ORDER,appendix_mask_stability
SEED_SELECTOR,appendix_mask_stability
SEED_SPREAD_BOLT,appendix_mask_stability
SEED_SPREAD_CH2,appendix_mask_stability
HIGHOP_BF,appendix_operating_points
HIGHOP_KEEP,appendix_operating_points
HIGHOP_OURS,appendix_operating_points
HIGHOP_R2,appendix_operating_points
HIGHOP_SRDI,appendix_operating_points
HIGHOP_T1,appendix_operating_points
HIGHOP_TATO,appendix_operating_points
HIGHOP_TOI,appendix_operating_points
LOWOP_BF,appendix_operating_points
LOWOP_KEEP,appendix_operating_points
LOWOP_OURS,appendix_operating_points
LOWOP_R2,appendix_operating_points
LOWOP_SRDI,appendix_operating_points
LOWOP_T1,appendix_operating_points
LOWOP_TATO,appendix_operating_points
LOWOP_TOI,appendix_operating_points
NOOP_BF,appendix_operating_points
NOOP_KEEP,appendix_operating_points
NOOP_OURS,appendix_operating_points
NOOP_R2,appendix_operating_points
NOOP_SRDI,appendix_operating_points
NOOP_T1,appendix_operating_points
NOOP_TATO,appendix_operating_points
NOOP_TOI,appendix_operating_points
OVR_BF,appendix_opportunity_strata
OVR_KEEP,appendix_opportunity_strata
OVR_OURS,appendix_opportunity_strata
OVR_R2,appendix_opportunity_strata
OVR_SRDI,appendix_opportunity_strata
OVR_T1,appendix_opportunity_strata
OVR_TATO,appendix_opportunity_strata
OVR_TOI,appendix_opportunity_strata
STRATUM_HIGH_MED,appendix_opportunity_strata
STRATUM_HIGH_N,appendix_opportunity_strata
STRATUM_HIGH_P90,appendix_opportunity_strata
STRATUM_HIGH_SHARE,appendix_opportunity_strata
STRATUM_LOW_MED,appendix_opportunity_strata
STRATUM_LOW_N,appendix_opportunity_strata
STRATUM_LOW_P90,appendix_opportunity_strata
STRATUM_LOW_SHARE,appendix_opportunity_strata
STRATUM_NOOP_MED,appendix_opportunity_strata
STRATUM_NOOP_N,appendix_opportunity_strata
STRATUM_NOOP_P90,appendix_opportunity_strata
STRATUM_NOOP_SHARE,appendix_opportunity_strata
P1_BF,appendix_per_pattern
P1_KEEP,appendix_per_pattern
P1_OURS,appendix_per_pattern
P1_R2,appendix_per_pattern
P1_SRDI,appendix_per_pattern
P1_T1,appendix_per_pattern
P1_TATO,appendix_per_pattern
P1_TOI,appendix_per_pattern
P2_BF,appendix_per_pattern
P2_KEEP,appendix_per_pattern
P2_OURS,appendix_per_pattern
P2_R2,appendix_per_pattern
P2_SRDI,appendix_per_pattern
P2_T1,appendix_per_pattern
P2_TATO,appendix_per_pattern
P2_TOI,appendix_per_pattern
P3_BF,appendix_per_pattern
P3_KEEP,appendix_per_pattern
P3_OURS,appendix_per_pattern
P3_R2,appendix_per_pattern
P3_SRDI,appendix_per_pattern
P3_T1,appendix_per_pattern
P3_TATO,appendix_per_pattern
P3_TOI,appendix_per_pattern
P4_BF,appendix_per_pattern
P4_KEEP,appendix_per_pattern
P4_OURS,appendix_per_pattern
P4_R2,appendix_per_pattern
P4_SRDI,appendix_per_pattern
P4_T1,appendix_per_pattern
P4_TATO,appendix_per_pattern
P4_TOI,appendix_per_pattern
PR_BF,appendix_per_pattern
PR_KEEP,appendix_per_pattern
PR_OURS,appendix_per_pattern
PR_R2,appendix_per_pattern
PR_SRDI,appendix_per_pattern
PR_T1,appendix_per_pattern
PR_TATO,appendix_per_pattern
PR_TOI,appendix_per_pattern
EVAL_ORIGINS,appendix_protocol_counts
EVAL_PARENTS,appendix_protocol_counts
EVAL_SOURCES,appendix_protocol_counts
FIT_ORIGINS,appendix_protocol_counts
FIT_PARENTS,appendix_protocol_counts
FIT_SOURCES,appendix_protocol_counts
GATE_HARM_CAP,appendix_protocol_counts
GATE_ORIGINS,appendix_protocol_counts
GATE_PARENTS,appendix_protocol_counts
GATE_SOURCES,appendix_protocol_counts
TEST_MANIFEST,appendix_protocol_counts
TEST_ORIGINS,appendix_protocol_counts
TEST_PARENTS,appendix_protocol_counts
TEST_SOURCES,appendix_protocol_counts
DISCORDANT_RATE,appendix_reconstruction
RECON_ORACLE_MASE,appendix_reconstruction
REC_SRDI_GAIN,appendix_reconstruction
REC_SRDI_MAE,appendix_reconstruction
REC_SRDI_MASE,appendix_reconstruction
REC_SRDI_MSE,appendix_reconstruction
REC_T1_GAIN,appendix_reconstruction
REC_T1_MAE,appendix_reconstruction
REC_T1_MASE,appendix_reconstruction
REC_T1_MSE,appendix_reconstruction
REC_TOI_GAIN,appendix_reconstruction
REC_TOI_MAE,appendix_reconstruction
REC_TOI_MASE,appendix_reconstruction
REC_TOI_MSE,appendix_reconstruction
RHO_BOLT,appendix_reconstruction
RHO_CH2,appendix_reconstruction
RHO_TF,appendix_reconstruction
RS100_CALLS,appendix_replay_size
RS100_HIR,appendix_replay_size
RS100_HL,appendix_replay_size
RS100_IR,appendix_replay_size
RS100_MASE,appendix_replay_size
RS25_CALLS,appendix_replay_size
RS25_HIR,appendix_replay_size
RS25_HL,appendix_replay_size
RS25_IR,appendix_replay_size
RS25_MASE,appendix_replay_size
RS50_CALLS,appendix_replay_size
RS50_HIR,appendix_replay_size
RS50_HL,appendix_replay_size
RS50_IR,appendix_replay_size
RS50_MASE,appendix_replay_size
HARDWARE,appendix_reproducibility
NUMPYVERSION,appendix_reproducibility
PANDASVERSION,appendix_reproducibility
PRECISION,appendix_reproducibility
PROTOCOL_COMMIT,appendix_reproducibility
PYVERSION,appendix_reproducibility
REV_BOLT,appendix_reproducibility
REV_CH2,appendix_reproducibility
REV_TF,appendix_reproducibility
SKLEARNVERSION,appendix_reproducibility
TORCHVERSION,appendix_reproducibility
SEV10-BF-MAE,appendix_severity_table
SEV10-BF-MASE,appendix_severity_table
SEV10-BF-MSE,appendix_severity_table
SEV10-BF-RANK,appendix_severity_table
SEV10-BF-RMSE,appendix_severity_table
SEV10-KEEP-MAE,appendix_severity_table
SEV10-KEEP-MASE,appendix_severity_table
SEV10-KEEP-MSE,appendix_severity_table
SEV10-KEEP-RANK,appendix_severity_table
SEV10-KEEP-RMSE,appendix_severity_table
SEV10-ORACLE-MAE,appendix_severity_table
SEV10-ORACLE-MASE,appendix_severity_table
SEV10-ORACLE-MSE,appendix_severity_table
SEV10-ORACLE-RMSE,appendix_severity_table
SEV10-OURS-MAE,appendix_severity_table
SEV10-OURS-MASE,appendix_severity_table
SEV10-OURS-MSE,appendix_severity_table
SEV10-OURS-RANK,appendix_severity_table
SEV10-OURS-RMSE,appendix_severity_table
SEV10-R2-MAE,appendix_severity_table
SEV10-R2-MASE,appendix_severity_table
SEV10-R2-MSE,appendix_severity_table
SEV10-R2-RANK,appendix_severity_table
SEV10-R2-RMSE,appendix_severity_table
SEV10-T1-MAE,appendix_severity_table
SEV10-T1-MASE,appendix_severity_table
SEV10-T1-MSE,appendix_severity_table
SEV10-T1-RANK,appendix_severity_table
SEV10-T1-RMSE,appendix_severity_table
SEV10-TATO-MAE,appendix_severity_table
SEV10-TATO-MASE,appendix_severity_table
SEV10-TATO-MSE,appendix_severity_table
SEV10-TATO-RANK,appendix_severity_table
SEV10-TATO-RMSE,appendix_severity_table
SEV10-TOI-MAE,appendix_severity_table
SEV10-TOI-MASE,appendix_severity_table
SEV10-TOI-MSE,appendix_severity_table
SEV10-TOI-RANK,appendix_severity_table
SEV10-TOI-RMSE,appendix_severity_table
SEV30-BF-MAE,appendix_severity_table
SEV30-BF-MASE,appendix_severity_table
SEV30-BF-MSE,appendix_severity_table
SEV30-BF-RANK,appendix_severity_table
SEV30-BF-RMSE,appendix_severity_table
SEV30-KEEP-MAE,appendix_severity_table
SEV30-KEEP-MASE,appendix_severity_table
SEV30-KEEP-MSE,appendix_severity_table
SEV30-KEEP-RANK,appendix_severity_table
SEV30-KEEP-RMSE,appendix_severity_table
SEV30-OURS-MAE,appendix_severity_table
SEV30-OURS-MASE,appendix_severity_table
SEV30-OURS-MSE,appendix_severity_table
SEV30-OURS-RANK,appendix_severity_table
SEV30-OURS-RMSE,appendix_severity_table
SEV30-R2-MAE,appendix_severity_table
SEV30-R2-MASE,appendix_severity_table
SEV30-R2-MSE,appendix_severity_table
SEV30-R2-RANK,appendix_severity_table
SEV30-R2-RMSE,appendix_severity_table
SEV30-T1-MAE,appendix_severity_table
SEV30-T1-MASE,appendix_severity_table
SEV30-T1-MSE,appendix_severity_table
SEV30-T1-RANK,appendix_severity_table
SEV30-T1-RMSE,appendix_severity_table
SEV30-TATO-MAE,appendix_severity_table
SEV30-TATO-MASE,appendix_severity_table
SEV30-TATO-MSE,appendix_severity_table
SEV30-TATO-RANK,appendix_severity_table
SEV30-TATO-RMSE,appendix_severity_table
SEV30-TOI-MAE,appendix_severity_table
SEV30-TOI-MASE,appendix_severity_table
SEV30-TOI-MSE,appendix_severity_table
SEV30-TOI-RANK,appendix_severity_table
SEV30-TOI-RMSE,appendix_severity_table
SEV50-BF-MAE,appendix_severity_table
SEV50-BF-MASE,appendix_severity_table
SEV50-BF-MSE,appendix_severity_table
SEV50-BF-RANK,appendix_severity_table
SEV50-BF-RMSE,appendix_severity_table
SEV50-KEEP-MAE,appendix_severity_table
SEV50-KEEP-MASE,appendix_severity_table
SEV50-KEEP-MSE,appendix_severity_table
SEV50-KEEP-RANK,appendix_severity_table
SEV50-KEEP-RMSE,appendix_severity_table
SEV50-OURS-MAE,appendix_severity_table
SEV50-OURS-MASE,appendix_severity_table
SEV50-OURS-MSE,appendix_severity_table
SEV50-OURS-RANK,appendix_severity_table
SEV50-OURS-RMSE,appendix_severity_table
SEV50-R2-MAE,appendix_severity_table
SEV50-R2-MASE,appendix_severity_table
SEV50-R2-MSE,appendix_severity_table
SEV50-R2-RANK,appendix_severity_table
SEV50-R2-RMSE,appendix_severity_table
SEV50-T1-MAE,appendix_severity_table
SEV50-T1-MASE,appendix_severity_table
SEV50-T1-MSE,appendix_severity_table
SEV50-T1-RANK,appendix_severity_table
SEV50-T1-RMSE,appendix_severity_table
SEV50-TATO-MAE,appendix_severity_table
SEV50-TATO-MASE,appendix_severity_table
SEV50-TATO-MSE,appendix_severity_table
SEV50-TATO-RANK,appendix_severity_table
SEV50-TATO-RMSE,appendix_severity_table
SEV50-TOI-MAE,appendix_severity_table
SEV50-TOI-MASE,appendix_severity_table
SEV50-TOI-MSE,appendix_severity_table
SEV50-TOI-RANK,appendix_severity_table
SEV50-TOI-RMSE,appendix_severity_table
KEY,doc_comment
ABSTRACT_CLOSING,narrative_sentence
COLDSTART,narrative_sentence
CONCLUSION_CLOSING,narrative_sentence
CONCL_HARM,narrative_sentence
CONCL_MAIN,narrative_sentence
CONCL_TRANSFER,narrative_sentence
FAILRATE,narrative_sentence
MAIN_BACKBONE,narrative_sentence
MAIN_BASELINE_SPREAD,narrative_sentence
MAIN_DELTA_CI,narrative_sentence
MAIN_FIXED_ORACLE_GAP,narrative_sentence
MAIN_HET_GAP,narrative_sentence
MAIN_HET_SHARES,narrative_sentence
MAIN_INTERVENTION_RATE,narrative_sentence
MAIN_OVERALL_MASE,narrative_sentence
MAIN_R2CART,narrative_sentence
MAIN_RANK,narrative_sentence
MAIN_READING,narrative_sentence
N_BOOTSTRAP,narrative_sentence
N_DATASETS,narrative_sentence
RANK_DISAGREE_STATS,narrative_sentence
STRONG_BASELINE,narrative_sentence
SRC_BOLT_BF_192_ELEC,table1_per_source_cell
SRC_BOLT_BF_192_ETTH1,table1_per_source_cell
SRC_BOLT_BF_192_ETTH2,table1_per_source_cell
SRC_BOLT_BF_192_ETTM1,table1_per_source_cell
SRC_BOLT_BF_192_ETTM2,table1_per_source_cell
SRC_BOLT_BF_192_EXCH,table1_per_source_cell
SRC_BOLT_BF_192_TRAF,table1_per_source_cell
SRC_BOLT_BF_192_WEA,table1_per_source_cell
SRC_BOLT_BF_96_ELEC,table1_per_source_cell
SRC_BOLT_BF_96_ETTH1,table1_per_source_cell
SRC_BOLT_BF_96_ETTH2,table1_per_source_cell
SRC_BOLT_BF_96_ETTM1,table1_per_source_cell
SRC_BOLT_BF_96_ETTM2,table1_per_source_cell
SRC_BOLT_BF_96_EXCH,table1_per_source_cell
SRC_BOLT_BF_96_TRAF,table1_per_source_cell
SRC_BOLT_BF_96_WEA,table1_per_source_cell
SRC_BOLT_KEEP_192_ELEC,table1_per_source_cell
SRC_BOLT_KEEP_192_ETTH1,table1_per_source_cell
SRC_BOLT_KEEP_192_ETTH2,table1_per_source_cell
SRC_BOLT_KEEP_192_ETTM1,table1_per_source_cell
SRC_BOLT_KEEP_192_ETTM2,table1_per_source_cell
SRC_BOLT_KEEP_192_EXCH,table1_per_source_cell
SRC_BOLT_KEEP_192_TRAF,table1_per_source_cell
SRC_BOLT_KEEP_192_WEA,table1_per_source_cell
SRC_BOLT_KEEP_96_ELEC,table1_per_source_cell
SRC_BOLT_KEEP_96_ETTH1,table1_per_source_cell
SRC_BOLT_KEEP_96_ETTH2,table1_per_source_cell
SRC_BOLT_KEEP_96_ETTM1,table1_per_source_cell
SRC_BOLT_KEEP_96_ETTM2,table1_per_source_cell
SRC_BOLT_KEEP_96_EXCH,table1_per_source_cell
SRC_BOLT_KEEP_96_TRAF,table1_per_source_cell
SRC_BOLT_KEEP_96_WEA,table1_per_source_cell
SRC_BOLT_ORACLE_192_ELEC,table1_per_source_cell
SRC_BOLT_ORACLE_192_ETTH1,table1_per_source_cell
SRC_BOLT_ORACLE_192_ETTH2,table1_per_source_cell
SRC_BOLT_ORACLE_192_ETTM1,table1_per_source_cell
SRC_BOLT_ORACLE_192_ETTM2,table1_per_source_cell
SRC_BOLT_ORACLE_192_EXCH,table1_per_source_cell
SRC_BOLT_ORACLE_192_TRAF,table1_per_source_cell
SRC_BOLT_ORACLE_192_WEA,table1_per_source_cell
SRC_BOLT_ORACLE_96_ELEC,table1_per_source_cell
SRC_BOLT_ORACLE_96_ETTH1,table1_per_source_cell
SRC_BOLT_ORACLE_96_ETTH2,table1_per_source_cell
SRC_BOLT_ORACLE_96_ETTM1,table1_per_source_cell
SRC_BOLT_ORACLE_96_ETTM2,table1_per_source_cell
SRC_BOLT_ORACLE_96_EXCH,table1_per_source_cell
SRC_BOLT_ORACLE_96_TRAF,table1_per_source_cell
SRC_BOLT_ORACLE_96_WEA,table1_per_source_cell
SRC_BOLT_OURS_192_ELEC,table1_per_source_cell
SRC_BOLT_OURS_192_ETTH1,table1_per_source_cell
SRC_BOLT_OURS_192_ETTH2,table1_per_source_cell
SRC_BOLT_OURS_192_ETTM1,table1_per_source_cell
SRC_BOLT_OURS_192_ETTM2,table1_per_source_cell
SRC_BOLT_OURS_192_EXCH,table1_per_source_cell
SRC_BOLT_OURS_192_TRAF,table1_per_source_cell
SRC_BOLT_OURS_192_WEA,table1_per_source_cell
SRC_BOLT_OURS_96_ELEC,table1_per_source_cell
SRC_BOLT_OURS_96_ETTH1,table1_per_source_cell
SRC_BOLT_OURS_96_ETTH2,table1_per_source_cell
SRC_BOLT_OURS_96_ETTM1,table1_per_source_cell
SRC_BOLT_OURS_96_ETTM2,table1_per_source_cell
SRC_BOLT_OURS_96_EXCH,table1_per_source_cell
SRC_BOLT_OURS_96_TRAF,table1_per_source_cell
SRC_BOLT_OURS_96_WEA,table1_per_source_cell
SRC_BOLT_R2_192_ELEC,table1_per_source_cell
SRC_BOLT_R2_192_ETTH1,table1_per_source_cell
SRC_BOLT_R2_192_ETTH2,table1_per_source_cell
SRC_BOLT_R2_192_ETTM1,table1_per_source_cell
SRC_BOLT_R2_192_ETTM2,table1_per_source_cell
SRC_BOLT_R2_192_EXCH,table1_per_source_cell
SRC_BOLT_R2_192_TRAF,table1_per_source_cell
SRC_BOLT_R2_192_WEA,table1_per_source_cell
SRC_BOLT_R2_96_ELEC,table1_per_source_cell
SRC_BOLT_R2_96_ETTH1,table1_per_source_cell
SRC_BOLT_R2_96_ETTH2,table1_per_source_cell
SRC_BOLT_R2_96_ETTM1,table1_per_source_cell
SRC_BOLT_R2_96_ETTM2,table1_per_source_cell
SRC_BOLT_R2_96_EXCH,table1_per_source_cell
SRC_BOLT_R2_96_TRAF,table1_per_source_cell
SRC_BOLT_R2_96_WEA,table1_per_source_cell
SRC_BOLT_SRDI_192_ELEC,table1_per_source_cell
SRC_BOLT_SRDI_192_ETTH1,table1_per_source_cell
SRC_BOLT_SRDI_192_ETTH2,table1_per_source_cell
SRC_BOLT_SRDI_192_ETTM1,table1_per_source_cell
SRC_BOLT_SRDI_192_ETTM2,table1_per_source_cell
SRC_BOLT_SRDI_192_EXCH,table1_per_source_cell
SRC_BOLT_SRDI_192_TRAF,table1_per_source_cell
SRC_BOLT_SRDI_192_WEA,table1_per_source_cell
SRC_BOLT_SRDI_96_ELEC,table1_per_source_cell
SRC_BOLT_SRDI_96_ETTH1,table1_per_source_cell
SRC_BOLT_SRDI_96_ETTH2,table1_per_source_cell
SRC_BOLT_SRDI_96_ETTM1,table1_per_source_cell
SRC_BOLT_SRDI_96_ETTM2,table1_per_source_cell
SRC_BOLT_SRDI_96_EXCH,table1_per_source_cell
SRC_BOLT_SRDI_96_TRAF,table1_per_source_cell
SRC_BOLT_SRDI_96_WEA,table1_per_source_cell
SRC_BOLT_T1_192_ELEC,table1_per_source_cell
SRC_BOLT_T1_192_ETTH1,table1_per_source_cell
SRC_BOLT_T1_192_ETTH2,table1_per_source_cell
SRC_BOLT_T1_192_ETTM1,table1_per_source_cell
SRC_BOLT_T1_192_ETTM2,table1_per_source_cell
SRC_BOLT_T1_192_EXCH,table1_per_source_cell
SRC_BOLT_T1_192_TRAF,table1_per_source_cell
SRC_BOLT_T1_192_WEA,table1_per_source_cell
SRC_BOLT_T1_96_ELEC,table1_per_source_cell
SRC_BOLT_T1_96_ETTH1,table1_per_source_cell
SRC_BOLT_T1_96_ETTH2,table1_per_source_cell
SRC_BOLT_T1_96_ETTM1,table1_per_source_cell
SRC_BOLT_T1_96_ETTM2,table1_per_source_cell
SRC_BOLT_T1_96_EXCH,table1_per_source_cell
SRC_BOLT_T1_96_TRAF,table1_per_source_cell
SRC_BOLT_T1_96_WEA,table1_per_source_cell
SRC_BOLT_TATO_192_ELEC,table1_per_source_cell
SRC_BOLT_TATO_192_ETTH1,table1_per_source_cell
SRC_BOLT_TATO_192_ETTH2,table1_per_source_cell
SRC_BOLT_TATO_192_ETTM1,table1_per_source_cell
SRC_BOLT_TATO_192_ETTM2,table1_per_source_cell
SRC_BOLT_TATO_192_EXCH,table1_per_source_cell
SRC_BOLT_TATO_192_TRAF,table1_per_source_cell
SRC_BOLT_TATO_192_WEA,table1_per_source_cell
SRC_BOLT_TATO_96_ELEC,table1_per_source_cell
SRC_BOLT_TATO_96_ETTH1,table1_per_source_cell
SRC_BOLT_TATO_96_ETTH2,table1_per_source_cell
SRC_BOLT_TATO_96_ETTM1,table1_per_source_cell
SRC_BOLT_TATO_96_ETTM2,table1_per_source_cell
SRC_BOLT_TATO_96_EXCH,table1_per_source_cell
SRC_BOLT_TATO_96_TRAF,table1_per_source_cell
SRC_BOLT_TATO_96_WEA,table1_per_source_cell
SRC_BOLT_TOI_192_ELEC,table1_per_source_cell
SRC_BOLT_TOI_192_ETTH1,table1_per_source_cell
SRC_BOLT_TOI_192_ETTH2,table1_per_source_cell
SRC_BOLT_TOI_192_ETTM1,table1_per_source_cell
SRC_BOLT_TOI_192_ETTM2,table1_per_source_cell
SRC_BOLT_TOI_192_EXCH,table1_per_source_cell
SRC_BOLT_TOI_192_TRAF,table1_per_source_cell
SRC_BOLT_TOI_192_WEA,table1_per_source_cell
SRC_BOLT_TOI_96_ELEC,table1_per_source_cell
SRC_BOLT_TOI_96_ETTH1,table1_per_source_cell
SRC_BOLT_TOI_96_ETTH2,table1_per_source_cell
SRC_BOLT_TOI_96_ETTM1,table1_per_source_cell
SRC_BOLT_TOI_96_ETTM2,table1_per_source_cell
SRC_BOLT_TOI_96_EXCH,table1_per_source_cell
SRC_BOLT_TOI_96_TRAF,table1_per_source_cell
SRC_BOLT_TOI_96_WEA,table1_per_source_cell
SRC_CH2_BF_192_ELEC,table1_per_source_cell
SRC_CH2_BF_192_ETTH1,table1_per_source_cell
SRC_CH2_BF_192_ETTH2,table1_per_source_cell
SRC_CH2_BF_192_ETTM1,table1_per_source_cell
SRC_CH2_BF_192_ETTM2,table1_per_source_cell
SRC_CH2_BF_192_EXCH,table1_per_source_cell
SRC_CH2_BF_192_TRAF,table1_per_source_cell
SRC_CH2_BF_192_WEA,table1_per_source_cell
SRC_CH2_BF_96_ELEC,table1_per_source_cell
SRC_CH2_BF_96_ETTH1,table1_per_source_cell
SRC_CH2_BF_96_ETTH2,table1_per_source_cell
SRC_CH2_BF_96_ETTM1,table1_per_source_cell
SRC_CH2_BF_96_ETTM2,table1_per_source_cell
SRC_CH2_BF_96_EXCH,table1_per_source_cell
SRC_CH2_BF_96_TRAF,table1_per_source_cell
SRC_CH2_BF_96_WEA,table1_per_source_cell
SRC_CH2_KEEP_192_ELEC,table1_per_source_cell
SRC_CH2_KEEP_192_ETTH1,table1_per_source_cell
SRC_CH2_KEEP_192_ETTH2,table1_per_source_cell
SRC_CH2_KEEP_192_ETTM1,table1_per_source_cell
SRC_CH2_KEEP_192_ETTM2,table1_per_source_cell
SRC_CH2_KEEP_192_EXCH,table1_per_source_cell
SRC_CH2_KEEP_192_TRAF,table1_per_source_cell
SRC_CH2_KEEP_192_WEA,table1_per_source_cell
SRC_CH2_KEEP_96_ELEC,table1_per_source_cell
SRC_CH2_KEEP_96_ETTH1,table1_per_source_cell
SRC_CH2_KEEP_96_ETTH2,table1_per_source_cell
SRC_CH2_KEEP_96_ETTM1,table1_per_source_cell
SRC_CH2_KEEP_96_ETTM2,table1_per_source_cell
SRC_CH2_KEEP_96_EXCH,table1_per_source_cell
SRC_CH2_KEEP_96_TRAF,table1_per_source_cell
SRC_CH2_KEEP_96_WEA,table1_per_source_cell
SRC_CH2_ORACLE_192_ELEC,table1_per_source_cell
SRC_CH2_ORACLE_192_ETTH1,table1_per_source_cell
SRC_CH2_ORACLE_192_ETTH2,table1_per_source_cell
SRC_CH2_ORACLE_192_ETTM1,table1_per_source_cell
SRC_CH2_ORACLE_192_ETTM2,table1_per_source_cell
SRC_CH2_ORACLE_192_EXCH,table1_per_source_cell
SRC_CH2_ORACLE_192_TRAF,table1_per_source_cell
SRC_CH2_ORACLE_192_WEA,table1_per_source_cell
SRC_CH2_ORACLE_96_ELEC,table1_per_source_cell
SRC_CH2_ORACLE_96_ETTH1,table1_per_source_cell
SRC_CH2_ORACLE_96_ETTH2,table1_per_source_cell
SRC_CH2_ORACLE_96_ETTM1,table1_per_source_cell
SRC_CH2_ORACLE_96_ETTM2,table1_per_source_cell
SRC_CH2_ORACLE_96_EXCH,table1_per_source_cell
SRC_CH2_ORACLE_96_TRAF,table1_per_source_cell
SRC_CH2_ORACLE_96_WEA,table1_per_source_cell
SRC_CH2_OURS_192_ELEC,table1_per_source_cell
SRC_CH2_OURS_192_ETTH1,table1_per_source_cell
SRC_CH2_OURS_192_ETTH2,table1_per_source_cell
SRC_CH2_OURS_192_ETTM1,table1_per_source_cell
SRC_CH2_OURS_192_ETTM2,table1_per_source_cell
SRC_CH2_OURS_192_EXCH,table1_per_source_cell
SRC_CH2_OURS_192_TRAF,table1_per_source_cell
SRC_CH2_OURS_192_WEA,table1_per_source_cell
SRC_CH2_OURS_96_ELEC,table1_per_source_cell
SRC_CH2_OURS_96_ETTH1,table1_per_source_cell
SRC_CH2_OURS_96_ETTH2,table1_per_source_cell
SRC_CH2_OURS_96_ETTM1,table1_per_source_cell
SRC_CH2_OURS_96_ETTM2,table1_per_source_cell
SRC_CH2_OURS_96_EXCH,table1_per_source_cell
SRC_CH2_OURS_96_TRAF,table1_per_source_cell
SRC_CH2_OURS_96_WEA,table1_per_source_cell
SRC_CH2_R2_192_ELEC,table1_per_source_cell
SRC_CH2_R2_192_ETTH1,table1_per_source_cell
SRC_CH2_R2_192_ETTH2,table1_per_source_cell
SRC_CH2_R2_192_ETTM1,table1_per_source_cell
SRC_CH2_R2_192_ETTM2,table1_per_source_cell
SRC_CH2_R2_192_EXCH,table1_per_source_cell
SRC_CH2_R2_192_TRAF,table1_per_source_cell
SRC_CH2_R2_192_WEA,table1_per_source_cell
SRC_CH2_R2_96_ELEC,table1_per_source_cell
SRC_CH2_R2_96_ETTH1,table1_per_source_cell
SRC_CH2_R2_96_ETTH2,table1_per_source_cell
SRC_CH2_R2_96_ETTM1,table1_per_source_cell
SRC_CH2_R2_96_ETTM2,table1_per_source_cell
SRC_CH2_R2_96_EXCH,table1_per_source_cell
SRC_CH2_R2_96_TRAF,table1_per_source_cell
SRC_CH2_R2_96_WEA,table1_per_source_cell
SRC_CH2_SRDI_192_ELEC,table1_per_source_cell
SRC_CH2_SRDI_192_ETTH1,table1_per_source_cell
SRC_CH2_SRDI_192_ETTH2,table1_per_source_cell
SRC_CH2_SRDI_192_ETTM1,table1_per_source_cell
SRC_CH2_SRDI_192_ETTM2,table1_per_source_cell
SRC_CH2_SRDI_192_EXCH,table1_per_source_cell
SRC_CH2_SRDI_192_TRAF,table1_per_source_cell
SRC_CH2_SRDI_192_WEA,table1_per_source_cell
SRC_CH2_SRDI_96_ELEC,table1_per_source_cell
SRC_CH2_SRDI_96_ETTH1,table1_per_source_cell
SRC_CH2_SRDI_96_ETTH2,table1_per_source_cell
SRC_CH2_SRDI_96_ETTM1,table1_per_source_cell
SRC_CH2_SRDI_96_ETTM2,table1_per_source_cell
SRC_CH2_SRDI_96_EXCH,table1_per_source_cell
SRC_CH2_SRDI_96_TRAF,table1_per_source_cell
SRC_CH2_SRDI_96_WEA,table1_per_source_cell
SRC_CH2_T1_192_ELEC,table1_per_source_cell
SRC_CH2_T1_192_ETTH1,table1_per_source_cell
SRC_CH2_T1_192_ETTH2,table1_per_source_cell
SRC_CH2_T1_192_ETTM1,table1_per_source_cell
SRC_CH2_T1_192_ETTM2,table1_per_source_cell
SRC_CH2_T1_192_EXCH,table1_per_source_cell
SRC_CH2_T1_192_TRAF,table1_per_source_cell
SRC_CH2_T1_192_WEA,table1_per_source_cell
SRC_CH2_T1_96_ELEC,table1_per_source_cell
SRC_CH2_T1_96_ETTH1,table1_per_source_cell
SRC_CH2_T1_96_ETTH2,table1_per_source_cell
SRC_CH2_T1_96_ETTM1,table1_per_source_cell
SRC_CH2_T1_96_ETTM2,table1_per_source_cell
SRC_CH2_T1_96_EXCH,table1_per_source_cell
SRC_CH2_T1_96_TRAF,table1_per_source_cell
SRC_CH2_T1_96_WEA,table1_per_source_cell
SRC_CH2_TATO_192_ELEC,table1_per_source_cell
SRC_CH2_TATO_192_ETTH1,table1_per_source_cell
SRC_CH2_TATO_192_ETTH2,table1_per_source_cell
SRC_CH2_TATO_192_ETTM1,table1_per_source_cell
SRC_CH2_TATO_192_ETTM2,table1_per_source_cell
SRC_CH2_TATO_192_EXCH,table1_per_source_cell
SRC_CH2_TATO_192_TRAF,table1_per_source_cell
SRC_CH2_TATO_192_WEA,table1_per_source_cell
SRC_CH2_TATO_96_ELEC,table1_per_source_cell
SRC_CH2_TATO_96_ETTH1,table1_per_source_cell
SRC_CH2_TATO_96_ETTH2,table1_per_source_cell
SRC_CH2_TATO_96_ETTM1,table1_per_source_cell
SRC_CH2_TATO_96_ETTM2,table1_per_source_cell
SRC_CH2_TATO_96_EXCH,table1_per_source_cell
SRC_CH2_TATO_96_TRAF,table1_per_source_cell
SRC_CH2_TATO_96_WEA,table1_per_source_cell
SRC_CH2_TOI_192_ELEC,table1_per_source_cell
SRC_CH2_TOI_192_ETTH1,table1_per_source_cell
SRC_CH2_TOI_192_ETTH2,table1_per_source_cell
SRC_CH2_TOI_192_ETTM1,table1_per_source_cell
SRC_CH2_TOI_192_ETTM2,table1_per_source_cell
SRC_CH2_TOI_192_EXCH,table1_per_source_cell
SRC_CH2_TOI_192_TRAF,table1_per_source_cell
SRC_CH2_TOI_192_WEA,table1_per_source_cell
SRC_CH2_TOI_96_ELEC,table1_per_source_cell
SRC_CH2_TOI_96_ETTH1,table1_per_source_cell
SRC_CH2_TOI_96_ETTH2,table1_per_source_cell
SRC_CH2_TOI_96_ETTM1,table1_per_source_cell
SRC_CH2_TOI_96_ETTM2,table1_per_source_cell
SRC_CH2_TOI_96_EXCH,table1_per_source_cell
SRC_CH2_TOI_96_TRAF,table1_per_source_cell
SRC_CH2_TOI_96_WEA,table1_per_source_cell
SRC_TF_BF_192_ELEC,table1_per_source_cell
SRC_TF_BF_192_ETTH1,table1_per_source_cell
SRC_TF_BF_192_ETTH2,table1_per_source_cell
SRC_TF_BF_192_ETTM1,table1_per_source_cell
SRC_TF_BF_192_ETTM2,table1_per_source_cell
SRC_TF_BF_192_EXCH,table1_per_source_cell
SRC_TF_BF_192_TRAF,table1_per_source_cell
SRC_TF_BF_192_WEA,table1_per_source_cell
SRC_TF_BF_96_ELEC,table1_per_source_cell
SRC_TF_BF_96_ETTH1,table1_per_source_cell
SRC_TF_BF_96_ETTH2,table1_per_source_cell
SRC_TF_BF_96_ETTM1,table1_per_source_cell
SRC_TF_BF_96_ETTM2,table1_per_source_cell
SRC_TF_BF_96_EXCH,table1_per_source_cell
SRC_TF_BF_96_TRAF,table1_per_source_cell
SRC_TF_BF_96_WEA,table1_per_source_cell
SRC_TF_KEEP_192_ELEC,table1_per_source_cell
SRC_TF_KEEP_192_ETTH1,table1_per_source_cell
SRC_TF_KEEP_192_ETTH2,table1_per_source_cell
SRC_TF_KEEP_192_ETTM1,table1_per_source_cell
SRC_TF_KEEP_192_ETTM2,table1_per_source_cell
SRC_TF_KEEP_192_EXCH,table1_per_source_cell
SRC_TF_KEEP_192_TRAF,table1_per_source_cell
SRC_TF_KEEP_192_WEA,table1_per_source_cell
SRC_TF_KEEP_96_ELEC,table1_per_source_cell
SRC_TF_KEEP_96_ETTH1,table1_per_source_cell
SRC_TF_KEEP_96_ETTH2,table1_per_source_cell
SRC_TF_KEEP_96_ETTM1,table1_per_source_cell
SRC_TF_KEEP_96_ETTM2,table1_per_source_cell
SRC_TF_KEEP_96_EXCH,table1_per_source_cell
SRC_TF_KEEP_96_TRAF,table1_per_source_cell
SRC_TF_KEEP_96_WEA,table1_per_source_cell
SRC_TF_ORACLE_192_ELEC,table1_per_source_cell
SRC_TF_ORACLE_192_ETTH1,table1_per_source_cell
SRC_TF_ORACLE_192_ETTH2,table1_per_source_cell
SRC_TF_ORACLE_192_ETTM1,table1_per_source_cell
SRC_TF_ORACLE_192_ETTM2,table1_per_source_cell
SRC_TF_ORACLE_192_EXCH,table1_per_source_cell
SRC_TF_ORACLE_192_TRAF,table1_per_source_cell
SRC_TF_ORACLE_192_WEA,table1_per_source_cell
SRC_TF_ORACLE_96_ELEC,table1_per_source_cell
SRC_TF_ORACLE_96_ETTH1,table1_per_source_cell
SRC_TF_ORACLE_96_ETTH2,table1_per_source_cell
SRC_TF_ORACLE_96_ETTM1,table1_per_source_cell
SRC_TF_ORACLE_96_ETTM2,table1_per_source_cell
SRC_TF_ORACLE_96_EXCH,table1_per_source_cell
SRC_TF_ORACLE_96_TRAF,table1_per_source_cell
SRC_TF_ORACLE_96_WEA,table1_per_source_cell
SRC_TF_OURS_192_ELEC,table1_per_source_cell
SRC_TF_OURS_192_ETTH1,table1_per_source_cell
SRC_TF_OURS_192_ETTH2,table1_per_source_cell
SRC_TF_OURS_192_ETTM1,table1_per_source_cell
SRC_TF_OURS_192_ETTM2,table1_per_source_cell
SRC_TF_OURS_192_EXCH,table1_per_source_cell
SRC_TF_OURS_192_TRAF,table1_per_source_cell
SRC_TF_OURS_192_WEA,table1_per_source_cell
SRC_TF_OURS_96_ELEC,table1_per_source_cell
SRC_TF_OURS_96_ETTH1,table1_per_source_cell
SRC_TF_OURS_96_ETTH2,table1_per_source_cell
SRC_TF_OURS_96_ETTM1,table1_per_source_cell
SRC_TF_OURS_96_ETTM2,table1_per_source_cell
SRC_TF_OURS_96_EXCH,table1_per_source_cell
SRC_TF_OURS_96_TRAF,table1_per_source_cell
SRC_TF_OURS_96_WEA,table1_per_source_cell
SRC_TF_R2_192_ELEC,table1_per_source_cell
SRC_TF_R2_192_ETTH1,table1_per_source_cell
SRC_TF_R2_192_ETTH2,table1_per_source_cell
SRC_TF_R2_192_ETTM1,table1_per_source_cell
SRC_TF_R2_192_ETTM2,table1_per_source_cell
SRC_TF_R2_192_EXCH,table1_per_source_cell
SRC_TF_R2_192_TRAF,table1_per_source_cell
SRC_TF_R2_192_WEA,table1_per_source_cell
SRC_TF_R2_96_ELEC,table1_per_source_cell
SRC_TF_R2_96_ETTH1,table1_per_source_cell
SRC_TF_R2_96_ETTH2,table1_per_source_cell
SRC_TF_R2_96_ETTM1,table1_per_source_cell
SRC_TF_R2_96_ETTM2,table1_per_source_cell
SRC_TF_R2_96_EXCH,table1_per_source_cell
SRC_TF_R2_96_TRAF,table1_per_source_cell
SRC_TF_R2_96_WEA,table1_per_source_cell
SRC_TF_SRDI_192_ELEC,table1_per_source_cell
SRC_TF_SRDI_192_ETTH1,table1_per_source_cell
SRC_TF_SRDI_192_ETTH2,table1_per_source_cell
SRC_TF_SRDI_192_ETTM1,table1_per_source_cell
SRC_TF_SRDI_192_ETTM2,table1_per_source_cell
SRC_TF_SRDI_192_EXCH,table1_per_source_cell
SRC_TF_SRDI_192_TRAF,table1_per_source_cell
SRC_TF_SRDI_192_WEA,table1_per_source_cell
SRC_TF_SRDI_96_ELEC,table1_per_source_cell
SRC_TF_SRDI_96_ETTH1,table1_per_source_cell
SRC_TF_SRDI_96_ETTH2,table1_per_source_cell
SRC_TF_SRDI_96_ETTM1,table1_per_source_cell
SRC_TF_SRDI_96_ETTM2,table1_per_source_cell
SRC_TF_SRDI_96_EXCH,table1_per_source_cell
SRC_TF_SRDI_96_TRAF,table1_per_source_cell
SRC_TF_SRDI_96_WEA,table1_per_source_cell
SRC_TF_T1_192_ELEC,table1_per_source_cell
SRC_TF_T1_192_ETTH1,table1_per_source_cell
SRC_TF_T1_192_ETTH2,table1_per_source_cell
SRC_TF_T1_192_ETTM1,table1_per_source_cell
SRC_TF_T1_192_ETTM2,table1_per_source_cell
SRC_TF_T1_192_EXCH,table1_per_source_cell
SRC_TF_T1_192_TRAF,table1_per_source_cell
SRC_TF_T1_192_WEA,table1_per_source_cell
SRC_TF_T1_96_ELEC,table1_per_source_cell
SRC_TF_T1_96_ETTH1,table1_per_source_cell
SRC_TF_T1_96_ETTH2,table1_per_source_cell
SRC_TF_T1_96_ETTM1,table1_per_source_cell
SRC_TF_T1_96_ETTM2,table1_per_source_cell
SRC_TF_T1_96_EXCH,table1_per_source_cell
SRC_TF_T1_96_TRAF,table1_per_source_cell
SRC_TF_T1_96_WEA,table1_per_source_cell
SRC_TF_TATO_192_ELEC,table1_per_source_cell
SRC_TF_TATO_192_ETTH1,table1_per_source_cell
SRC_TF_TATO_192_ETTH2,table1_per_source_cell
SRC_TF_TATO_192_ETTM1,table1_per_source_cell
SRC_TF_TATO_192_ETTM2,table1_per_source_cell
SRC_TF_TATO_192_EXCH,table1_per_source_cell
SRC_TF_TATO_192_TRAF,table1_per_source_cell
SRC_TF_TATO_192_WEA,table1_per_source_cell
SRC_TF_TATO_96_ELEC,table1_per_source_cell
SRC_TF_TATO_96_ETTH1,table1_per_source_cell
SRC_TF_TATO_96_ETTH2,table1_per_source_cell
SRC_TF_TATO_96_ETTM1,table1_per_source_cell
SRC_TF_TATO_96_ETTM2,table1_per_source_cell
SRC_TF_TATO_96_EXCH,table1_per_source_cell
SRC_TF_TATO_96_TRAF,table1_per_source_cell
SRC_TF_TATO_96_WEA,table1_per_source_cell
SRC_TF_TOI_192_ELEC,table1_per_source_cell
SRC_TF_TOI_192_ETTH1,table1_per_source_cell
SRC_TF_TOI_192_ETTH2,table1_per_source_cell
SRC_TF_TOI_192_ETTM1,table1_per_source_cell
SRC_TF_TOI_192_ETTM2,table1_per_source_cell
SRC_TF_TOI_192_EXCH,table1_per_source_cell
SRC_TF_TOI_192_TRAF,table1_per_source_cell
SRC_TF_TOI_192_WEA,table1_per_source_cell
SRC_TF_TOI_96_ELEC,table1_per_source_cell
SRC_TF_TOI_96_ETTH1,table1_per_source_cell
SRC_TF_TOI_96_ETTH2,table1_per_source_cell
SRC_TF_TOI_96_ETTM1,table1_per_source_cell
SRC_TF_TOI_96_ETTM2,table1_per_source_cell
SRC_TF_TOI_96_EXCH,table1_per_source_cell
SRC_TF_TOI_96_TRAF,table1_per_source_cell
SRC_TF_TOI_96_WEA,table1_per_source_cell
SRC_BOLT_BF_192_MACRO,table1_per_source_macro
SRC_BOLT_BF_96_MACRO,table1_per_source_macro
SRC_BOLT_KEEP_192_MACRO,table1_per_source_macro
SRC_BOLT_KEEP_96_MACRO,table1_per_source_macro
SRC_BOLT_ORACLE_192_MACRO,table1_per_source_macro
SRC_BOLT_ORACLE_96_MACRO,table1_per_source_macro
SRC_BOLT_OURS_192_MACRO,table1_per_source_macro
SRC_BOLT_OURS_96_MACRO,table1_per_source_macro
SRC_BOLT_R2_192_MACRO,table1_per_source_macro
SRC_BOLT_R2_96_MACRO,table1_per_source_macro
SRC_BOLT_SRDI_192_MACRO,table1_per_source_macro
SRC_BOLT_SRDI_96_MACRO,table1_per_source_macro
SRC_BOLT_T1_192_MACRO,table1_per_source_macro
SRC_BOLT_T1_96_MACRO,table1_per_source_macro
SRC_BOLT_TATO_192_MACRO,table1_per_source_macro
SRC_BOLT_TATO_96_MACRO,table1_per_source_macro
SRC_BOLT_TOI_192_MACRO,table1_per_source_macro
SRC_BOLT_TOI_96_MACRO,table1_per_source_macro
SRC_CH2_BF_192_MACRO,table1_per_source_macro
SRC_CH2_BF_96_MACRO,table1_per_source_macro
SRC_CH2_KEEP_192_MACRO,table1_per_source_macro
SRC_CH2_KEEP_96_MACRO,table1_per_source_macro
SRC_CH2_ORACLE_192_MACRO,table1_per_source_macro
SRC_CH2_ORACLE_96_MACRO,table1_per_source_macro
SRC_CH2_OURS_192_MACRO,table1_per_source_macro
SRC_CH2_OURS_96_MACRO,table1_per_source_macro
SRC_CH2_R2_192_MACRO,table1_per_source_macro
SRC_CH2_R2_96_MACRO,table1_per_source_macro
SRC_CH2_SRDI_192_MACRO,table1_per_source_macro
SRC_CH2_SRDI_96_MACRO,table1_per_source_macro
SRC_CH2_T1_192_MACRO,table1_per_source_macro
SRC_CH2_T1_96_MACRO,table1_per_source_macro
SRC_CH2_TATO_192_MACRO,table1_per_source_macro
SRC_CH2_TATO_96_MACRO,table1_per_source_macro
SRC_CH2_TOI_192_MACRO,table1_per_source_macro
SRC_CH2_TOI_96_MACRO,table1_per_source_macro
SRC_TF_BF_192_MACRO,table1_per_source_macro
SRC_TF_BF_96_MACRO,table1_per_source_macro
SRC_TF_KEEP_192_MACRO,table1_per_source_macro
SRC_TF_KEEP_96_MACRO,table1_per_source_macro
SRC_TF_ORACLE_192_MACRO,table1_per_source_macro
SRC_TF_ORACLE_96_MACRO,table1_per_source_macro
SRC_TF_OURS_192_MACRO,table1_per_source_macro
SRC_TF_OURS_96_MACRO,table1_per_source_macro
SRC_TF_R2_192_MACRO,table1_per_source_macro
SRC_TF_R2_96_MACRO,table1_per_source_macro
SRC_TF_SRDI_192_MACRO,table1_per_source_macro
SRC_TF_SRDI_96_MACRO,table1_per_source_macro
SRC_TF_T1_192_MACRO,table1_per_source_macro
SRC_TF_T1_96_MACRO,table1_per_source_macro
SRC_TF_TATO_192_MACRO,table1_per_source_macro
SRC_TF_TATO_96_MACRO,table1_per_source_macro
SRC_TF_TOI_192_MACRO,table1_per_source_macro
SRC_TF_TOI_96_MACRO,table1_per_source_macro
BF_BOLT,table1_ranked_cell
BF_CH2,table1_ranked_cell
BF_OVR,table1_ranked_cell
BF_RANK,table1_ranked_cell
BF_RMSSE,table1_ranked_cell
BF_TF,table1_ranked_cell
KEEP_BOLT,table1_ranked_cell
KEEP_CH2,table1_ranked_cell
KEEP_OVR,table1_ranked_cell
KEEP_RANK,table1_ranked_cell
KEEP_RMSSE,table1_ranked_cell
KEEP_TF,table1_ranked_cell
ORACLE_BOLT,table1_ranked_cell
ORACLE_CH2,table1_ranked_cell
ORACLE_OVR,table1_ranked_cell
ORACLE_RMSSE,table1_ranked_cell
ORACLE_TF,table1_ranked_cell
OURS_BOLT,table1_ranked_cell
OURS_CH2,table1_ranked_cell
OURS_OVR,table1_ranked_cell
OURS_RANK,table1_ranked_cell
OURS_RMSSE,table1_ranked_cell
OURS_TF,table1_ranked_cell
R2_BOLT,table1_ranked_cell
R2_CH2,table1_ranked_cell
R2_OVR,table1_ranked_cell
R2_RANK,table1_ranked_cell
R2_RMSSE,table1_ranked_cell
R2_TF,table1_ranked_cell
SRDI_BOLT,table1_ranked_cell
SRDI_CH2,table1_ranked_cell
SRDI_OVR,table1_ranked_cell
SRDI_RANK,table1_ranked_cell
SRDI_RMSSE,table1_ranked_cell
SRDI_TF,table1_ranked_cell
T1_BOLT,table1_ranked_cell
T1_CH2,table1_ranked_cell
T1_OVR,table1_ranked_cell
T1_RANK,table1_ranked_cell
T1_RMSSE,table1_ranked_cell
T1_TF,table1_ranked_cell
TATO_BOLT,table1_ranked_cell
TATO_CH2,table1_ranked_cell
TATO_OVR,table1_ranked_cell
TATO_RANK,table1_ranked_cell
TATO_RMSSE,table1_ranked_cell
TATO_TF,table1_ranked_cell
TOI_BOLT,table1_ranked_cell
TOI_CH2,table1_ranked_cell
TOI_OVR,table1_ranked_cell
TOI_RANK,table1_ranked_cell
TOI_RMSSE,table1_ranked_cell
TOI_TF,table1_ranked_cell
HARM_BP,table2_harm
HARM_BP_BF,table2_harm
HARM_BP_KEEP,table2_harm
HARM_BP_OURS,table2_harm
HARM_BP_R2,table2_harm
HARM_BP_SRDI,table2_harm
HARM_BP_T1,table2_harm
HARM_BP_TATO,table2_harm
HARM_BP_TOI,table2_harm
HARM_HIR,table2_harm
HARM_HIR_BF,table2_harm
HARM_HIR_KEEP,table2_harm
HARM_HIR_OURS,table2_harm
HARM_HIR_R2,table2_harm
HARM_HIR_SRDI,table2_harm
HARM_HIR_T1,table2_harm
HARM_HIR_TATO,table2_harm
HARM_HIR_TOI,table2_harm
HARM_HL,table2_harm
HARM_HL_BF,table2_harm
HARM_HL_KEEP,table2_harm
HARM_HL_OURS,table2_harm
HARM_HL_R2,table2_harm
HARM_HL_SRDI,table2_harm
HARM_HL_T1,table2_harm
HARM_HL_TATO,table2_harm
HARM_HL_TOI,table2_harm
HARM_IR,table2_harm
HARM_IR_BF,table2_harm
HARM_IR_KEEP,table2_harm
HARM_IR_OURS,table2_harm
HARM_IR_R2,table2_harm
HARM_IR_SRDI,table2_harm
HARM_IR_T1,table2_harm
HARM_IR_TATO,table2_harm
HARM_IR_TOI,table2_harm
HARM_MASE_BF,table2_harm
HARM_MASE_KEEP,table2_harm
HARM_MASE_OURS,table2_harm
HARM_MASE_R2,table2_harm
HARM_MASE_SRDI,table2_harm
HARM_MASE_T1,table2_harm
HARM_MASE_TATO,table2_harm
HARM_MASE_TOI,table2_harm
HARM_MO,table2_harm
HARM_MO_BF,table2_harm
HARM_MO_KEEP,table2_harm
HARM_MO_OURS,table2_harm
HARM_MO_R2,table2_harm
HARM_MO_SRDI,table2_harm
HARM_MO_T1,table2_harm
HARM_MO_TATO,table2_harm
HARM_MO_TOI,table2_harm
HARM_READING,table2_harm
HARM_RISKCURVE,table2_harm
RB_BF_10,table3_robustness
RB_BF_30,table3_robustness
RB_BF_50,table3_robustness
RB_BF_CH2,table3_robustness
RB_BF_WORST,table3_robustness
RB_KEEP_10,table3_robustness
RB_KEEP_30,table3_robustness
RB_KEEP_50,table3_robustness
RB_KEEP_CH2,table3_robustness
RB_KEEP_WORST,table3_robustness
RB_OURS_10,table3_robustness
RB_OURS_30,table3_robustness
RB_OURS_50,table3_robustness
RB_OURS_CH2,table3_robustness
RB_OURS_WORST,table3_robustness
RB_R2_10,table3_robustness
RB_R2_30,table3_robustness
RB_R2_50,table3_robustness
RB_R2_CH2,table3_robustness
RB_R2_WORST,table3_robustness
RB_T1_10,table3_robustness
RB_T1_30,table3_robustness
RB_T1_50,table3_robustness
RB_T1_CH2,table3_robustness
RB_T1_WORST,table3_robustness
RB_TATO_10,table3_robustness
RB_TATO_30,table3_robustness
RB_TATO_50,table3_robustness
RB_TATO_CH2,table3_robustness
RB_TATO_WORST,table3_robustness
RB_TOI_10,table3_robustness
RB_TOI_30,table3_robustness
RB_TOI_50,table3_robustness
RB_TOI_CH2,table3_robustness
RB_TOI_WORST,table3_robustness
ROBUST_30,table3_robustness
ROBUST_50,table3_robustness
ROBUST_CH2,table3_robustness
ROBUST_READING,table3_robustness
ROBUST_WORST,table3_robustness
ABL_A1,table4_ablation
ABL_A1_CALLS,table4_ablation
ABL_A1_HIR,table4_ablation
ABL_A1_HL,table4_ablation
ABL_A1_IR,table4_ablation
ABL_A1_LAT,table4_ablation
ABL_A1_MASE,table4_ablation
ABL_A2,table4_ablation
ABL_A2_CALLS,table4_ablation
ABL_A2_HIR,table4_ablation
ABL_A2_HL,table4_ablation
ABL_A2_IR,table4_ablation
ABL_A2_LAT,table4_ablation
ABL_A2_MASE,table4_ablation
ABL_A3,table4_ablation
ABL_A3_CALLS,table4_ablation
ABL_A3_HIR,table4_ablation
ABL_A3_HL,table4_ablation
ABL_A3_IR,table4_ablation
ABL_A3_LAT,table4_ablation
ABL_A3_MASE,table4_ablation
ABL_A4,table4_ablation
ABL_A4_CALLS,table4_ablation
ABL_A4_HIR,table4_ablation
ABL_A4_HL,table4_ablation
ABL_A4_IR,table4_ablation
ABL_A4_LAT,table4_ablation
ABL_A4_MASE,table4_ablation
ABL_A5,table4_ablation
ABL_A5_CALLS,table4_ablation
ABL_A5_HIR,table4_ablation
ABL_A5_HL,table4_ablation
ABL_A5_IR,table4_ablation
ABL_A5_LAT,table4_ablation
ABL_A5_MASE,table4_ablation
ABL_FULL_CALLS,table4_ablation
ABL_FULL_HIR,table4_ablation
ABL_FULL_HL,table4_ablation
ABL_FULL_IR,table4_ablation
ABL_FULL_LAT,table4_ablation
ABL_FULL_MASE,table4_ablation
ABL_ORACLE,table4_ablation
ABL_ORACLE_HIR,table4_ablation
ABL_ORACLE_HL,table4_ablation
ABL_ORACLE_IR,table4_ablation
ABL_ORACLE_MASE,table4_ablation
ABL_READING,table4_ablation
